20060513102446	http://forum.azzurra.org/images/smilies/abbassooo.gif	abbassooo.gif
20060513103438	http://forum.azzurra.org/images/smilies/angeli/angel02.gif	angeli/angel02.gif
20060513110335	http://forum.azzurra.org/images/smilies/angeli/angel03.gif	angeli/angel03.gif
20060513113023	http://forum.azzurra.org/images/smilies/angeli/angel04.gif	angeli/angel04.gif
20060513112037	http://forum.azzurra.org/images/smilies/angeli/angel05.gif	angeli/angel05.gif
20060513113919	http://forum.azzurra.org/images/smilies/angeli/angel10.gif	angeli/angel10.gif
20060513104225	http://forum.azzurra.org/images/smilies/angeli/angel13.gif	angeli/angel13.gif
20060513111606	http://forum.azzurra.org/images/smilies/angeli/angel14.gif	angeli/angel14.gif
20060513114540	http://forum.azzurra.org/images/smilies/angeli/angel16.gif	angeli/angel16.gif
20060513105113	http://forum.azzurra.org/images/smilies/angeli/angel19.gif	angeli/angel19.gif
20060513113226	http://forum.azzurra.org/images/smilies/angeli/angel20.gif	angeli/angel20.gif
20060628203446	http://forum.azzurra.org:80/images/smilies/angeli/angel21.gif	angeli/angel21.gif
20060513112439	http://forum.azzurra.org/images/smilies/angeli/angel22.gif	angeli/angel22.gif
20060513104726	http://forum.azzurra.org/images/smilies/angeli/angel23.gif	angeli/angel23.gif
20060513113201	http://forum.azzurra.org/images/smilies/angeli/angel25.gif	angeli/angel25.gif
20060513111020	http://forum.azzurra.org/images/smilies/angeli/angel33.gif	angeli/angel33.gif
20060513111419	http://forum.azzurra.org/images/smilies/angeli/angel35.gif	angeli/angel35.gif
20060513110912	http://forum.azzurra.org/images/smilies/angeli/angel37.gif	angeli/angel37.gif
20060513105107	http://forum.azzurra.org/images/smilies/angeli/angel42.gif	angeli/angel42.gif
20060513104548	http://forum.azzurra.org/images/smilies/animali/anim01.gif	animali/anim01.gif
20060513103944	http://forum.azzurra.org/images/smilies/animali/anim03.gif	animali/anim03.gif
20060513113832	http://forum.azzurra.org/images/smilies/animali/anim04.gif	animali/anim04.gif
20060513113440	http://forum.azzurra.org/images/smilies/animali/anim05.gif	animali/anim05.gif
20060513114603	http://forum.azzurra.org/images/smilies/animali/anim06.gif	animali/anim06.gif
20060513102200	http://forum.azzurra.org/images/smilies/animali/anim07.gif	animali/anim07.gif
20060513114955	http://forum.azzurra.org/images/smilies/animali/anim09.gif	animali/anim09.gif
20060513111150	http://forum.azzurra.org/images/smilies/animali/anim10.gif	animali/anim10.gif
20060515165344	http://forum.azzurra.org/images/smilies/animali/anim11.gif	animali/anim11.gif
20060513114939	http://forum.azzurra.org/images/smilies/animali/anim14.gif	animali/anim14.gif
20060513110110	http://forum.azzurra.org/images/smilies/animali/anim15.gif	animali/anim15.gif
20060513114710	http://forum.azzurra.org/images/smilies/animali/anim16.gif	animali/anim16.gif
20060221144605	http://forum.azzurra.org:80/images/smilies/animali/anim18.gif	animali/anim18.gif
20060513113307	http://forum.azzurra.org/images/smilies/animali/anim20.gif	animali/anim20.gif
20060513105119	http://forum.azzurra.org/images/smilies/animali/anim21.gif	animali/anim21.gif
20060513113143	http://forum.azzurra.org/images/smilies/animali/anim23.gif	animali/anim23.gif
20060630030247	http://forum.azzurra.org:80/images/smilies/animali/anim24.gif	animali/anim24.gif
20060513104825	http://forum.azzurra.org/images/smilies/animali/anim28.gif	animali/anim28.gif
20060513112558	http://forum.azzurra.org/images/smilies/animali/anim29.gif	animali/anim29.gif
20060513113254	http://forum.azzurra.org/images/smilies/animali/anim30.gif	animali/anim30.gif
20060513111726	http://forum.azzurra.org/images/smilies/animali/anim33.gif	animali/anim33.gif
20060513113413	http://forum.azzurra.org/images/smilies/animali/anim35.gif	animali/anim35.gif
20060513110132	http://forum.azzurra.org/images/smilies/animali/anim36.gif	animali/anim36.gif
20060513103713	http://forum.azzurra.org/images/smilies/animali/anim39.gif	animali/anim39.gif
20060513114317	http://forum.azzurra.org/images/smilies/animali/anim43.gif	animali/anim43.gif
20060513111958	http://forum.azzurra.org/images/smilies/animali/anim44.gif	animali/anim44.gif
20060513114349	http://forum.azzurra.org/images/smilies/animali/anim45.gif	animali/anim45.gif
20060513105330	http://forum.azzurra.org/images/smilies/animali/anim48.gif	animali/anim48.gif
20060513105345	http://forum.azzurra.org/images/smilies/animali/anim50.gif	animali/anim50.gif
20060513114228	http://forum.azzurra.org/images/smilies/animali/anim51.gif	animali/anim51.gif
20060513111213	http://forum.azzurra.org/images/smilies/animali/anim53.gif	animali/anim53.gif
20060513114526	http://forum.azzurra.org/images/smilies/animali/anim59.gif	animali/anim59.gif
20060513110451	http://forum.azzurra.org/images/smilies/animali/anim60.gif	animali/anim60.gif
20060513112802	http://forum.azzurra.org/images/smilies/animali/anim61.gif	animali/anim61.gif
20060513103702	http://forum.azzurra.org/images/smilies/animali/anim64.gif	animali/anim64.gif
20060513114111	http://forum.azzurra.org/images/smilies/animali/anim66.gif	animali/anim66.gif
20060513105910	http://forum.azzurra.org/images/smilies/animali/anim70.gif	animali/anim70.gif
20060513114405	http://forum.azzurra.org/images/smilies/animali/anim71.gif	animali/anim71.gif
20060714061811	http://forum.azzurra.org:80/images/smilies/animali/anim72.gif	animali/anim72.gif
20060513103842	http://forum.azzurra.org/images/smilies/barba.gif	barba.gif
20060513112851	http://forum.azzurra.org/images/smilies/cartelli/cart03.gif	cartelli/cart03.gif
20060513113016	http://forum.azzurra.org/images/smilies/cartelli/cart04.gif	cartelli/cart04.gif
20060513114027	http://forum.azzurra.org/images/smilies/cartelli/cart06.gif	cartelli/cart06.gif
20060513112454	http://forum.azzurra.org/images/smilies/cartelli/cart08.gif	cartelli/cart08.gif
20060513111557	http://forum.azzurra.org/images/smilies/cartelli/cart10.gif	cartelli/cart10.gif
20060513104039	http://forum.azzurra.org/images/smilies/cartelli/cart11.gif	cartelli/cart11.gif
20060513113736	http://forum.azzurra.org/images/smilies/cartelli/cart13.gif	cartelli/cart13.gif
20060513115046	http://forum.azzurra.org/images/smilies/cartelli/cart14.gif	cartelli/cart14.gif
20060513112219	http://forum.azzurra.org/images/smilies/cartelli/cart15.gif	cartelli/cart15.gif
20060513114805	http://forum.azzurra.org/images/smilies/cartelli/cart17.gif	cartelli/cart17.gif
20060513113236	http://forum.azzurra.org/images/smilies/cartelli/cart19.gif	cartelli/cart19.gif
20060513112416	http://forum.azzurra.org/images/smilies/cartelli/cart21.gif	cartelli/cart21.gif
20060513112735	http://forum.azzurra.org/images/smilies/cartelli/cart22.gif	cartelli/cart22.gif
20060515165333	http://forum.azzurra.org/images/smilies/cartelli/cart23.gif	cartelli/cart23.gif
20060513113801	http://forum.azzurra.org/images/smilies/cartelli/cart24.gif	cartelli/cart24.gif
20060513104400	http://forum.azzurra.org/images/smilies/cartelli/cart25.gif	cartelli/cart25.gif
20060513114703	http://forum.azzurra.org/images/smilies/cartelli/cart27.gif	cartelli/cart27.gif
20060513111753	http://forum.azzurra.org/images/smilies/cartelli/cart30.gif	cartelli/cart30.gif
20060513112953	http://forum.azzurra.org/images/smilies/cartelli/cart31.gif	cartelli/cart31.gif
20060513103625	http://forum.azzurra.org/images/smilies/cartelli/cart34.gif	cartelli/cart34.gif
20060513112403	http://forum.azzurra.org/images/smilies/cartelli/cart35.gif	cartelli/cart35.gif
20060513112212	http://forum.azzurra.org/images/smilies/cartelli/cart36.gif	cartelli/cart36.gif
20060513112945	http://forum.azzurra.org/images/smilies/cartelli/cart38.gif	cartelli/cart38.gif
20060513103737	http://forum.azzurra.org/images/smilies/cartelli/cart40.gif	cartelli/cart40.gif
20060513104833	http://forum.azzurra.org/images/smilies/cartelli/cart44.gif	cartelli/cart44.gif
20060513114453	http://forum.azzurra.org/images/smilies/cartelli/cart45.gif	cartelli/cart45.gif
20060513110223	http://forum.azzurra.org/images/smilies/cartelli/cart46.gif	cartelli/cart46.gif
20060513105226	http://forum.azzurra.org/images/smilies/cartelli/cart49.gif	cartelli/cart49.gif
20060513113419	http://forum.azzurra.org/images/smilies/cartelli/cart51.gif	cartelli/cart51.gif
20060513112147	http://forum.azzurra.org/images/smilies/cartelli/cart53.gif	cartelli/cart53.gif
20060513114309	http://forum.azzurra.org/images/smilies/cartelli/cart56.gif	cartelli/cart56.gif
20060513110117	http://forum.azzurra.org/images/smilies/cartelli/cart60.gif	cartelli/cart60.gif
20071029111235	http://forum.azzurra.org/images/smilies/cartelli/cart63.gif	cartelli/cart63.gif
20060513112445	http://forum.azzurra.org/images/smilies/cartelli/cart80.gif	cartelli/cart80.gif
20060513112153	http://forum.azzurra.org/images/smilies/cartelli/cart85.gif	cartelli/cart85.gif
20060513105323	http://forum.azzurra.org/images/smilies/cartelli/cart87.gif	cartelli/cart87.gif
20060513105639	http://forum.azzurra.org/images/smilies/cibo/cibo03.gif	cibo/cibo03.gif
20060513112105	http://forum.azzurra.org/images/smilies/cibo/cibo04.gif	cibo/cibo04.gif
20060513112501	http://forum.azzurra.org/images/smilies/cibo/cibo08.gif	cibo/cibo08.gif
20060513113426	http://forum.azzurra.org/images/smilies/cibo/cibo09.gif	cibo/cibo09.gif
20060513111235	http://forum.azzurra.org/images/smilies/cibo/cibo10.gif	cibo/cibo10.gif
20060513111122	http://forum.azzurra.org/images/smilies/cibo/cibo14.gif	cibo/cibo14.gif
20060513105750	http://forum.azzurra.org/images/smilies/cibo/cibo16.gif	cibo/cibo16.gif
20060513112433	http://forum.azzurra.org/images/smilies/cibo/cibo22.gif	cibo/cibo22.gif
20060513104950	http://forum.azzurra.org/images/smilies/cibo/cibo28.gif	cibo/cibo28.gif
20060513104152	http://forum.azzurra.org/images/smilies/cibo/cibo38.gif	cibo/cibo38.gif
20060513103404	http://forum.azzurra.org/images/smilies/cibo/cibo48.gif	cibo/cibo48.gif
20060513104300	http://forum.azzurra.org/images/smilies/cibo/cibo60.gif	cibo/cibo60.gif
20060513114655	http://forum.azzurra.org/images/smilies/cibo/cibo66.gif	cibo/cibo66.gif
20060513112111	http://forum.azzurra.org/images/smilies/cibo/cibo68.gif	cibo/cibo68.gif
20071028170021	http://forum.azzurra.org/images/smilies/cibo/cibo69.gif	cibo/cibo69.gif
20060513112628	http://forum.azzurra.org/images/smilies/cibo/cibo70.gif	cibo/cibo70.gif
20060513112913	http://forum.azzurra.org/images/smilies/cibo/cibo71.gif	cibo/cibo71.gif
20060513110621	http://forum.azzurra.org/images/smilies/cibo/cibo73.gif	cibo/cibo73.gif
20060513115003	http://forum.azzurra.org/images/smilies/cibo/cibo74.gif	cibo/cibo74.gif
20060513112053	http://forum.azzurra.org/images/smilies/cibo/cibo75.gif	cibo/cibo75.gif
20060513104432	http://forum.azzurra.org/images/smilies/cibo/cibo76.gif	cibo/cibo76.gif
20060513104621	http://forum.azzurra.org/images/smilies/cibo/cibo77.gif	cibo/cibo77.gif
20060513113710	http://forum.azzurra.org/images/smilies/cibo/cibo79.gif	cibo/cibo79.gif
20060513112959	http://forum.azzurra.org/images/smilies/cibo/cibo82.gif	cibo/cibo82.gif
20060513113606	http://forum.azzurra.org/images/smilies/classic/icon_arrow.gif	classic/icon_arrow.gif
20060513111510	http://forum.azzurra.org/images/smilies/classic/icon_biggrin.gif	classic/icon_biggrin.gif
20060513103550	http://forum.azzurra.org/images/smilies/classic/icon_confused.gif	classic/icon_confused.gif
20060513114034	http://forum.azzurra.org/images/smilies/classic/icon_cool.gif	classic/icon_cool.gif
20060513110418	http://forum.azzurra.org/images/smilies/classic/icon_cry.gif	classic/icon_cry.gif
20060513114211	http://forum.azzurra.org/images/smilies/classic/icon_eek.gif	classic/icon_eek.gif
20060513115014	http://forum.azzurra.org/images/smilies/classic/icon_evil.gif	classic/icon_evil.gif
20060513110355	http://forum.azzurra.org/images/smilies/classic/icon_exclaim.gif	classic/icon_exclaim.gif
20060513114236	http://forum.azzurra.org/images/smilies/classic/icon_frown.gif	classic/icon_frown.gif
20060513104959	http://forum.azzurra.org/images/smilies/classic/icon_idea.gif	classic/icon_idea.gif
20060218175431	http://forum.azzurra.org:80/images/smilies/classic/icon_lol.gif	classic/icon_lol.gif
20060513113743	http://forum.azzurra.org/images/smilies/classic/icon_mad.gif	classic/icon_mad.gif
20060513111653	http://forum.azzurra.org/images/smilies/classic/icon_mrgreen.gif	classic/icon_mrgreen.gif
20060513105830	http://forum.azzurra.org/images/smilies/classic/icon_neutral.gif	classic/icon_neutral.gif
20060513103638	http://forum.azzurra.org/images/smilies/classic/icon_question.gif	classic/icon_question.gif
20060513104615	http://forum.azzurra.org/images/smilies/classic/icon_razz.gif	classic/icon_razz.gif
20060513103911	http://forum.azzurra.org/images/smilies/classic/icon_redface.gif	classic/icon_redface.gif
20060513115027	http://forum.azzurra.org/images/smilies/classic/icon_rolleyes.gif	classic/icon_rolleyes.gif
20060513104514	http://forum.azzurra.org/images/smilies/classic/icon_sad.gif	classic/icon_sad.gif
20051215205406	http://forum.azzurra.org:80/images/smilies/classic/icon_smile.gif	classic/icon_smile.gif
20060513105419	http://forum.azzurra.org/images/smilies/classic/icon_smile_8ball.gif	classic/icon_smile_8ball.gif
20060510073311	http://forum.azzurra.org:80/images/smilies/classic/icon_smile_angry.gif	classic/icon_smile_angry.gif
20060221135546	http://forum.azzurra.org:80/images/smilies/classic/icon_smile_approve.gif	classic/icon_smile_approve.gif
20060507052422	http://forum.azzurra.org/images/smilies/classic/icon_smile_big.gif	classic/icon_smile_big.gif
20060513104746	http://forum.azzurra.org/images/smilies/classic/icon_smile_blackeye.gif	classic/icon_smile_blackeye.gif
20070311022844	http://forum.azzurra.org:80/images/smilies/classic/icon_smile_blush.gif	classic/icon_smile_blush.gif
20060627051921	http://forum.azzurra.org:80/images/smilies/classic/icon_smile_clown.gif	classic/icon_smile_clown.gif
20060219214229	http://forum.azzurra.org:80/images/smilies/classic/icon_smile_cool.gif	classic/icon_smile_cool.gif
20060513112655	http://forum.azzurra.org/images/smilies/classic/icon_smile_dead.gif	classic/icon_smile_dead.gif
20060513103357	http://forum.azzurra.org/images/smilies/classic/icon_smile_dissapprove.gif	classic/icon_smile_dissapprove.gif
20071029111321	http://forum.azzurra.org/images/smilies/classic/icon_smile_evil.gif	classic/icon_smile_evil.gif
20060507052432	http://forum.azzurra.org/images/smilies/classic/icon_smile_kisses.gif	classic/icon_smile_kisses.gif
20060513104754	http://forum.azzurra.org/images/smilies/classic/icon_smile_question.gif	classic/icon_smile_question.gif
20060513111406	http://forum.azzurra.org/images/smilies/classic/icon_smile_sad.gif	classic/icon_smile_sad.gif
20070206083051	http://forum.azzurra.org:80/images/smilies/classic/icon_smile_shock.gif	classic/icon_smile_shock.gif
20060513105605	http://forum.azzurra.org/images/smilies/classic/icon_smile_shy.gif	classic/icon_smile_shy.gif
20060513112713	http://forum.azzurra.org/images/smilies/classic/icon_smile_sleepy.gif	classic/icon_smile_sleepy.gif
20060209040723	http://forum.azzurra.org:80/images/smilies/classic/icon_smile_tongue.gif	classic/icon_smile_tongue.gif
20060218023044	http://forum.azzurra.org:80/images/smilies/classic/icon_smile_wink.gif	classic/icon_smile_wink.gif
20060513112525	http://forum.azzurra.org/images/smilies/classic/icon_surprised.gif	classic/icon_surprised.gif
20060513104935	http://forum.azzurra.org/images/smilies/classic/icon_twisted.gif	classic/icon_twisted.gif
20060513114057	http://forum.azzurra.org/images/smilies/classic/icon_wink.gif	classic/icon_wink.gif
20060513114915	http://forum.azzurra.org/images/smilies/confuse/conf04.gif	confuse/conf04.gif
20060513112058	http://forum.azzurra.org/images/smilies/confuse/conf05.gif	confuse/conf05.gif
20060513114623	http://forum.azzurra.org/images/smilies/confuse/conf09.gif	confuse/conf09.gif
20060513114834	http://forum.azzurra.org/images/smilies/confuse/conf11.gif	confuse/conf11.gif
20060513110544	http://forum.azzurra.org/images/smilies/confuse/conf114.gif	confuse/conf114.gif
20060513110522	http://forum.azzurra.org/images/smilies/confuse/conf122.gif	confuse/conf122.gif
20060513114248	http://forum.azzurra.org/images/smilies/confuse/conf125.gif	confuse/conf125.gif
20060513114425	http://forum.azzurra.org/images/smilies/confuse/conf145.gif	confuse/conf145.gif
20060513105353	http://forum.azzurra.org/images/smilies/confuse/conf152.gif	confuse/conf152.gif
20060513110055	http://forum.azzurra.org/images/smilies/confuse/conf180.gif	confuse/conf180.gif
20060513104032	http://forum.azzurra.org/images/smilies/confuse/conf188.gif	confuse/conf188.gif
20060513114557	http://forum.azzurra.org/images/smilies/confuse/conf19.gif	confuse/conf19.gif
20060513105338	http://forum.azzurra.org/images/smilies/confuse/conf20.gif	confuse/conf20.gif
20060513113621	http://forum.azzurra.org/images/smilies/confuse/conf26.gif	confuse/conf26.gif
20060513113217	http://forum.azzurra.org/images/smilies/confuse/conf39.gif	confuse/conf39.gif
20060513110234	http://forum.azzurra.org/images/smilies/confuse/conf41.gif	confuse/conf41.gif
20060513105303	http://forum.azzurra.org/images/smilies/confuse/conf53.gif	confuse/conf53.gif
20060513105714	http://forum.azzurra.org/images/smilies/confuse/conf61.gif	confuse/conf61.gif
20060513105051	http://forum.azzurra.org/images/smilies/confuse/conf68.gif	confuse/conf68.gif
20060513103424	http://forum.azzurra.org/images/smilies/confuse/conf70.gif	confuse/conf70.gif
20060513112118	http://forum.azzurra.org/images/smilies/confuse/conf72.gif	confuse/conf72.gif
20060513113520	http://forum.azzurra.org/images/smilies/confuse/conf80.gif	confuse/conf80.gif
20060513105633	http://forum.azzurra.org/images/smilies/confuse/conf83.gif	confuse/conf83.gif
20060513110037	http://forum.azzurra.org/images/smilies/confused.gif	confused.gif
20060513114718	http://forum.azzurra.org/images/smilies/cool.gif	cool.gif
20060513103617	http://forum.azzurra.org/images/smilies/cool/cool02.gif	cool/cool02.gif
20060513113513	http://forum.azzurra.org/images/smilies/cool/cool03.gif	cool/cool03.gif
20060513112906	http://forum.azzurra.org/images/smilies/cool/cool04.gif	cool/cool04.gif
20060513103304	http://forum.azzurra.org/images/smilies/cool/cool08.gif	cool/cool08.gif
20060513104534	http://forum.azzurra.org/images/smilies/cool/cool10.gif	cool/cool10.gif
20060513114827	http://forum.azzurra.org/images/smilies/cool/cool16.gif	cool/cool16.gif
20060513104346	http://forum.azzurra.org/images/smilies/cool/cool20.gif	cool/cool20.gif
20060513114859	http://forum.azzurra.org/images/smilies/cool/cool24.gif	cool/cool24.gif
20060513113431	http://forum.azzurra.org/images/smilies/cool/cool26.gif	cool/cool26.gif
20071029195434	http://forum.azzurra.org/images/smilies/cool/cool35.gif	cool/cool35.gif
20060513103926	http://forum.azzurra.org/images/smilies/cool/cool36.gif	cool/cool36.gif
20060513104741	http://forum.azzurra.org/images/smilies/cool/cool38.gif	cool/cool38.gif
20060513112859	http://forum.azzurra.org/images/smilies/cool/cool43.gif	cool/cool43.gif
20060513113126	http://forum.azzurra.org/images/smilies/cool/cool66.gif	cool/cool66.gif
20060513110443	http://forum.azzurra.org/images/smilies/cool/cool67.gif	cool/cool67.gif
20060513113614	http://forum.azzurra.org/images/smilies/cool/cool69.gif	cool/cool69.gif
20060513114327	http://forum.azzurra.org/images/smilies/cool/cool70.gif	cool/cool70.gif
20060513112922	http://forum.azzurra.org/images/smilies/cool/cool72.gif	cool/cool72.gif
20060513104711	http://forum.azzurra.org/images/smilies/cool/cool73.gif	cool/cool73.gif
20071029015806	http://forum.azzurra.org/images/smilies/cool/cool75.gif	cool/cool75.gif
20060513111832	http://forum.azzurra.org/images/smilies/cool/cool76.gif	cool/cool76.gif
20060513105809	http://forum.azzurra.org/images/smilies/donia/donia01.gif	donia/donia01.gif
20060513110329	http://forum.azzurra.org/images/smilies/donia/donia02.gif	donia/donia02.gif
20060513105528	http://forum.azzurra.org/images/smilies/donia/donia03.gif	donia/donia03.gif
20060513111715	http://forum.azzurra.org/images/smilies/donia/donia06.gif	donia/donia06.gif
20060513103257	http://forum.azzurra.org/images/smilies/donia/donia13.gif	donia/donia13.gif
20060513110102	http://forum.azzurra.org/images/smilies/donia/donia14.gif	donia/donia14.gif
20060513105247	http://forum.azzurra.org/images/smilies/donia/donia15.gif	donia/donia15.gif
20060513112809	http://forum.azzurra.org/images/smilies/donia/donia18.gif	donia/donia18.gif
20060513113058	http://forum.azzurra.org/images/smilies/donia/donia29.gif	donia/donia29.gif
20060513113839	http://forum.azzurra.org/images/smilies/donia/donia38.gif	donia/donia38.gif
20060513111440	http://forum.azzurra.org/images/smilies/donia/donia39.gif	donia/donia39.gif
20060513113825	http://forum.azzurra.org/images/smilies/donia/donia40.gif	donia/donia40.gif
20060425222531	http://forum.azzurra.org:80/images/smilies/donia/donia42.gif	donia/donia42.gif
20060513105139	http://forum.azzurra.org/images/smilies/donia/donia43.gif	donia/donia43.gif
20060513113326	http://forum.azzurra.org/images/smilies/donia/donia46.gif	donia/donia46.gif
20060513114742	http://forum.azzurra.org/images/smilies/donia/donia49.gif	donia/donia49.gif
20060513110432	http://forum.azzurra.org/images/smilies/donia/donia60.gif	donia/donia60.gif
20060513110923	http://forum.azzurra.org/images/smilies/donia/donia62.gif	donia/donia62.gif
20060513114754	http://forum.azzurra.org/images/smilies/donia/donia65.gif	donia/donia65.gif
20060513113753	http://forum.azzurra.org/images/smilies/donia/donia66.gif	donia/donia66.gif
20060513104505	http://forum.azzurra.org/images/smilies/donia/donia67.gif	donia/donia67.gif
20060513104232	http://forum.azzurra.org/images/smilies/donia/donia68.gif	donia/donia68.gif
20060513105504	http://forum.azzurra.org/images/smilies/donia/donia69.gif	donia/donia69.gif
20060218192218	http://forum.azzurra.org:80/images/smilies/dubbio.gif	dubbio.gif
20060513105558	http://forum.azzurra.org/images/smilies/eek.gif	eek.gif
20060513113543	http://forum.azzurra.org/images/smilies/felici-set1/felici03.gif	felici-set1/felici03.gif
20060513110046	http://forum.azzurra.org/images/smilies/felici-set1/felici10.gif	felici-set1/felici10.gif
20070227230944	http://forum.azzurra.org:80/images/smilies/felici-set1/felici13.gif	felici-set1/felici13.gif
20060513103339	http://forum.azzurra.org/images/smilies/felici-set1/felici16.gif	felici-set1/felici16.gif
20060513104132	http://forum.azzurra.org/images/smilies/felici-set1/felici17.gif	felici-set1/felici17.gif
20060513113343	http://forum.azzurra.org/images/smilies/felici-set1/felici20.gif	felici-set1/felici20.gif
20060513114117	http://forum.azzurra.org/images/smilies/felici-set1/felici23.gif	felici-set1/felici23.gif
20060513114547	http://forum.azzurra.org/images/smilies/felici-set1/felici24.gif	felici-set1/felici24.gif
20060513112237	http://forum.azzurra.org/images/smilies/felici-set1/felici25.gif	felici-set1/felici25.gif
20060513113006	http://forum.azzurra.org/images/smilies/felici-set1/felici26.gif	felici-set1/felici26.gif
20060513105152	http://forum.azzurra.org/images/smilies/felici-set1/felici27.gif	felici-set1/felici27.gif
20060513105649	http://forum.azzurra.org/images/smilies/felici-set1/felici28.gif	felici-set1/felici28.gif
20060513112132	http://forum.azzurra.org/images/smilies/felici-set1/felici30.gif	felici-set1/felici30.gif
20060513112028	http://forum.azzurra.org/images/smilies/felici-set1/felici31.gif	felici-set1/felici31.gif
20060513103810	http://forum.azzurra.org/images/smilies/felici-set1/felici35.gif	felici-set1/felici35.gif
20060513105520	http://forum.azzurra.org/images/smilies/felici-set1/felici36.gif	felici-set1/felici36.gif
20070312185757	http://forum.azzurra.org:80/images/smilies/felici-set1/felici37.gif	felici-set1/felici37.gif
20060513105129	http://forum.azzurra.org/images/smilies/felici-set1/felici38.gif	felici-set1/felici38.gif
20060513113941	http://forum.azzurra.org/images/smilies/felici-set1/felici41.gif	felici-set1/felici41.gif
20060513113656	http://forum.azzurra.org/images/smilies/felici-set1/felici42.gif	felici-set1/felici42.gif
20060513113637	http://forum.azzurra.org/images/smilies/felici-set1/felici49.gif	felici-set1/felici49.gif
20060513111331	http://forum.azzurra.org/images/smilies/felici-set1/felici51.gif	felici-set1/felici51.gif
20060513103743	http://forum.azzurra.org/images/smilies/felici-set1/felici56.gif	felici-set1/felici56.gif
20060513103226	http://forum.azzurra.org/images/smilies/felici-set1/felici60.gif	felici-set1/felici60.gif
20060513114532	http://forum.azzurra.org/images/smilies/felici-set1/felici62.gif	felici-set1/felici62.gif
20070224082059	http://forum.azzurra.org:80/images/smilies/felici-set1/felici63.gif	felici-set1/felici63.gif
20060513110409	http://forum.azzurra.org/images/smilies/frown.gif	frown.gif
20060513110613	http://forum.azzurra.org/images/smilies/icone/icone02.gif	icone/icone02.gif
20060513114104	http://forum.azzurra.org/images/smilies/icone/icone04.gif	icone/icone04.gif
20060513113903	http://forum.azzurra.org/images/smilies/icone/icone05.gif	icone/icone05.gif
20060513114126	http://forum.azzurra.org/images/smilies/icone/icone06.gif	icone/icone06.gif
20060513110904	http://forum.azzurra.org/images/smilies/icone/icone07.gif	icone/icone07.gif
20060513105409	http://forum.azzurra.org/images/smilies/icone/icone08.gif	icone/icone08.gif
20060515165416	http://forum.azzurra.org/images/smilies/icone/icone100.gif	icone/icone100.gif
20060513111822	http://forum.azzurra.org/images/smilies/icone/icone11.gif	icone/icone11.gif
20060513105056	http://forum.azzurra.org/images/smilies/icone/icone111.gif	icone/icone111.gif
20060513110857	http://forum.azzurra.org/images/smilies/icone/icone117.gif	icone/icone117.gif
20060513113208	http://forum.azzurra.org/images/smilies/icone/icone118.gif	icone/icone118.gif
20060513112536	http://forum.azzurra.org/images/smilies/icone/icone12.gif	icone/icone12.gif
20060513103821	http://forum.azzurra.org/images/smilies/icone/icone120.gif	icone/icone120.gif
20060513111449	http://forum.azzurra.org/images/smilies/icone/icone121.gif	icone/icone121.gif
20060513104607	http://forum.azzurra.org/images/smilies/icone/icone124.gif	icone/icone124.gif
20060513104848	http://forum.azzurra.org/images/smilies/icone/icone127.gif	icone/icone127.gif
20060513112351	http://forum.azzurra.org/images/smilies/icone/icone13.gif	icone/icone13.gif
20060513111705	http://forum.azzurra.org/images/smilies/icone/icone131.gif	icone/icone131.gif
20060513103311	http://forum.azzurra.org/images/smilies/icone/icone14.gif	icone/icone14.gif
20060513111613	http://forum.azzurra.org/images/smilies/icone/icone140.gif	icone/icone140.gif
20060513110305	http://forum.azzurra.org/images/smilies/icone/icone142.gif	icone/icone142.gif
20060513104801	http://forum.azzurra.org/images/smilies/icone/icone145.gif	icone/icone145.gif
20060513111205	http://forum.azzurra.org/images/smilies/icone/icone146.gif	icone/icone146.gif
20060513103514	http://forum.azzurra.org/images/smilies/icone/icone15.gif	icone/icone15.gif
20060513104217	http://forum.azzurra.org/images/smilies/icone/icone150.gif	icone/icone150.gif
20060513114020	http://forum.azzurra.org/images/smilies/icone/icone18.gif	icone/icone18.gif
20060513114649	http://forum.azzurra.org/images/smilies/icone/icone19.gif	icone/icone19.gif
20060513110555	http://forum.azzurra.org/images/smilies/icone/icone22.gif	icone/icone22.gif
20060513114609	http://forum.azzurra.org/images/smilies/icone/icone26.gif	icone/icone26.gif
20060513111041	http://forum.azzurra.org/images/smilies/icone/icone31.gif	icone/icone31.gif
20060513104701	http://forum.azzurra.org/images/smilies/icone/icone39.gif	icone/icone39.gif
20060513111304	http://forum.azzurra.org/images/smilies/icone/icone42.gif	icone/icone42.gif
20060513104206	http://forum.azzurra.org/images/smilies/icone/icone48.gif	icone/icone48.gif
20060513103559	http://forum.azzurra.org/images/smilies/icone/icone53.gif	icone/icone53.gif
20060513114133	http://forum.azzurra.org/images/smilies/icone/icone54.gif	icone/icone54.gif
20060513113500	http://forum.azzurra.org/images/smilies/icone/icone55.gif	icone/icone55.gif
20060513104521	http://forum.azzurra.org/images/smilies/icone/icone57.gif	icone/icone57.gif
20060513110341	http://forum.azzurra.org/images/smilies/icone/icone67.gif	icone/icone67.gif
20060513113245	http://forum.azzurra.org/images/smilies/icone/icone70.gif	icone/icone70.gif
20060513104351	http://forum.azzurra.org/images/smilies/icone/icone85.gif	icone/icone85.gif
20060513112012	http://forum.azzurra.org/images/smilies/icone/icone86.gif	icone/icone86.gif
20060513114812	http://forum.azzurra.org/images/smilies/icone/icone87.gif	icone/icone87.gif
20060513114852	http://forum.azzurra.org/images/smilies/icone/icone90.gif	icone/icone90.gif
20060513104854	http://forum.azzurra.org/images/smilies/icone/icone92.gif	icone/icone92.gif
20060513103233	http://forum.azzurra.org/images/smilies/icone/icone94.gif	icone/icone94.gif
20060513104527	http://forum.azzurra.org/images/smilies/icone/icone97.gif	icone/icone97.gif
20060513114340	http://forum.azzurra.org/images/smilies/icone/icone98.gif	icone/icone98.gif
20060513111350	http://forum.azzurra.org/images/smilies/icone/icone99.gif	icone/icone99.gif
20060513104106	http://forum.azzurra.org/images/smilies/jump/jump02.gif	jump/jump02.gif
20060513111114	http://forum.azzurra.org/images/smilies/jump/jump03.gif	jump/jump03.gif
20060513104601	http://forum.azzurra.org/images/smilies/jump/jump04.gif	jump/jump04.gif
20060513114204	http://forum.azzurra.org/images/smilies/jump/jump05.gif	jump/jump05.gif
20060513104250	http://forum.azzurra.org/images/smilies/jump/jump08.gif	jump/jump08.gif
20060513113508	http://forum.azzurra.org/images/smilies/jump/jump09.gif	jump/jump09.gif
20060513103901	http://forum.azzurra.org/images/smilies/jump/jump14.gif	jump/jump14.gif
20060513105722	http://forum.azzurra.org/images/smilies/jump/jump15.gif	jump/jump15.gif
20060515165404	http://forum.azzurra.org/images/smilies/jump/jump43.gif	jump/jump43.gif
20060513112045	http://forum.azzurra.org/images/smilies/jump/jump50.gif	jump/jump50.gif
20060513105018	http://forum.azzurra.org/images/smilies/jump/jump66.gif	jump/jump66.gif
20060513105456	http://forum.azzurra.org/images/smilies/kaoani/kaoani01.gif	kaoani/kaoani01.gif
20060628203503	http://forum.azzurra.org:80/images/smilies/kaoani/kaoani03.gif	kaoani/kaoani03.gif
20060513114434	http://forum.azzurra.org/images/smilies/kaoani/kaoani04.gif	kaoani/kaoani04.gif
20060513103501	http://forum.azzurra.org/images/smilies/kaoani/kaoani05.gif	kaoani/kaoani05.gif
20060513112607	http://forum.azzurra.org/images/smilies/kaoani/kaoani06.gif	kaoani/kaoani06.gif
20060513103329	http://forum.azzurra.org/images/smilies/kaoani/kaoani07.gif	kaoani/kaoani07.gif
20060513111229	http://forum.azzurra.org/images/smilies/kaoani/kaoani09.gif	kaoani/kaoani09.gif
20060513105242	http://forum.azzurra.org/images/smilies/kaoani/kaoani10.gif	kaoani/kaoani10.gif
20060513104442	http://forum.azzurra.org/images/smilies/kaoani/kaoani11.gif	kaoani/kaoani11.gif
20060513102134	http://forum.azzurra.org/images/smilies/kaoani/kaoani12.gif	kaoani/kaoani12.gif
20060513111946	http://forum.azzurra.org/images/smilies/kaoani/kaoani13.gif	kaoani/kaoani13.gif
20060525075001	http://forum.azzurra.org:80/images/smilies/kaoani/kaoani14.gif	kaoani/kaoani14.gif
20060513105815	http://forum.azzurra.org/images/smilies/kaoani/kaoani15.gif	kaoani/kaoani15.gif
20060513105939	http://forum.azzurra.org/images/smilies/kaoani/kaoani16.gif	kaoani/kaoani16.gif
20060513114040	http://forum.azzurra.org/images/smilies/kaoani/kaoani17.gif	kaoani/kaoani17.gif
20060513104919	http://forum.azzurra.org/images/smilies/kaoani/kaoani19.gif	kaoani/kaoani19.gif
20060513113854	http://forum.azzurra.org/images/smilies/kaoani/kaoani20.gif	kaoani/kaoani20.gif
20060513113407	http://forum.azzurra.org/images/smilies/kaoani/kaoani201.gif	kaoani/kaoani201.gif
20060513110138	http://forum.azzurra.org/images/smilies/kaoani/kaoani205.gif	kaoani/kaoani205.gif
20060513103934	http://forum.azzurra.org/images/smilies/kaoani/kaoani209.gif	kaoani/kaoani209.gif
20060513114447	http://forum.azzurra.org/images/smilies/kaoani/kaoani21.gif	kaoani/kaoani21.gif
20060513112426	http://forum.azzurra.org/images/smilies/kaoani/kaoani211.gif	kaoani/kaoani211.gif
20060513114002	http://forum.azzurra.org/images/smilies/kaoani/kaoani22.gif	kaoani/kaoani22.gif
20060513104735	http://forum.azzurra.org/images/smilies/kaoani/kaoani221.gif	kaoani/kaoani221.gif
20070227230903	http://forum.azzurra.org:80/images/smilies/kaoani/kaoani224.gif	kaoani/kaoani224.gif
20060513113934	http://forum.azzurra.org/images/smilies/kaoani/kaoani227.gif	kaoani/kaoani227.gif
20060513103538	http://forum.azzurra.org/images/smilies/kaoani/kaoani228.gif	kaoani/kaoani228.gif
20060513111058	http://forum.azzurra.org/images/smilies/kaoani/kaoani229.gif	kaoani/kaoani229.gif
20060513110917	http://forum.azzurra.org/images/smilies/kaoani/kaoani23.gif	kaoani/kaoani23.gif
20060513105956	http://forum.azzurra.org/images/smilies/kaoani/kaoani230.gif	kaoani/kaoani230.gif
20060513112245	http://forum.azzurra.org/images/smilies/kaoani/kaoani231.gif	kaoani/kaoani231.gif
20060510212621	http://forum.azzurra.org/images/smilies/kaoani/kaoani237.gif	kaoani/kaoani237.gif
20060513111034	http://forum.azzurra.org/images/smilies/kaoani/kaoani238.gif	kaoani/kaoani238.gif
20060513113312	http://forum.azzurra.org/images/smilies/kaoani/kaoani239.gif	kaoani/kaoani239.gif
20060513114907	http://forum.azzurra.org/images/smilies/kaoani/kaoani24.gif	kaoani/kaoani24.gif
20060513103918	http://forum.azzurra.org/images/smilies/kaoani/kaoani25.gif	kaoani/kaoani25.gif
20060513111050	http://forum.azzurra.org/images/smilies/kaoani/kaoani26.gif	kaoani/kaoani26.gif
20060619171618	http://forum.azzurra.org:80/images/smilies/kaoani/kaoani28.gif	kaoani/kaoani28.gif
20060513114636	http://forum.azzurra.org/images/smilies/kaoani/kaoani29.gif	kaoani/kaoani29.gif
20060513112816	http://forum.azzurra.org/images/smilies/kaoani/kaoani30.gif	kaoani/kaoani30.gif
20060513104654	http://forum.azzurra.org/images/smilies/kaoani/kaoani31.gif	kaoani/kaoani31.gif
20060513112518	http://forum.azzurra.org/images/smilies/kaoani/kaoani32.gif	kaoani/kaoani32.gif
20060513104817	http://forum.azzurra.org/images/smilies/kaoani/kaoani33.gif	kaoani/kaoani33.gif
20060513110251	http://forum.azzurra.org/images/smilies/kaoani/kaoani34.gif	kaoani/kaoani34.gif
20060513110629	http://forum.azzurra.org/images/smilies/lingua/lingua11.gif	lingua/lingua11.gif
20071028172448	http://forum.azzurra.org/images/smilies/lingua/lingua19.gif	lingua/lingua19.gif
20060513110012	http://forum.azzurra.org/images/smilies/lingua/lingua20.gif	lingua/lingua20.gif
20060513112551	http://forum.azzurra.org/images/smilies/lingua/lingua29.gif	lingua/lingua29.gif
20060513104124	http://forum.azzurra.org/images/smilies/lingua/lingua39.gif	lingua/lingua39.gif
20060513111248	http://forum.azzurra.org/images/smilies/lingua/lingua43.gif	lingua/lingua43.gif
20060513113953	http://forum.azzurra.org/images/smilies/lingua/lingua46.gif	lingua/lingua46.gif
20060513104451	http://forum.azzurra.org/images/smilies/lingua/lingua47.gif	lingua/lingua47.gif
20060513112840	http://forum.azzurra.org/images/smilies/lingua/lingua48.gif	lingua/lingua48.gif
20070220205414	http://forum.azzurra.org:80/images/smilies/lingua/lingua49.gif	lingua/lingua49.gif
20060513104046	http://forum.azzurra.org/images/smilies/lingua/lingua52.gif	lingua/lingua52.gif
20051215204707	http://forum.azzurra.org:80/images/smilies/linguaccia.gif	linguaccia.gif
20060513105027	http://forum.azzurra.org/images/smilies/love.gif	love.gif
20060513114947	http://forum.azzurra.org/images/smilies/love/love03.gif	love/love03.gif
20060513103608	http://forum.azzurra.org/images/smilies/love/love15.gif	love/love15.gif
20060513110020	http://forum.azzurra.org/images/smilies/love/love18.gif	love/love18.gif
20060513114616	http://forum.azzurra.org/images/smilies/love/love20.gif	love/love20.gif
20060513114011	http://forum.azzurra.org/images/smilies/love/love21.gif	love/love21.gif
20060513111635	http://forum.azzurra.org/images/smilies/love/love23.gif	love/love23.gif
20060513114629	http://forum.azzurra.org/images/smilies/love/love24.gif	love/love24.gif
20060513112140	http://forum.azzurra.org/images/smilies/love/love25.gif	love/love25.gif
20060513105038	http://forum.azzurra.org/images/smilies/love/love31.gif	love/love31.gif
20060513112253	http://forum.azzurra.org/images/smilies/love/love32.gif	love/love32.gif
20060513104239	http://forum.azzurra.org/images/smilies/love/love35.gif	love/love35.gif
20060513103728	http://forum.azzurra.org/images/smilies/love/love53.gif	love/love53.gif
20060513113722	http://forum.azzurra.org/images/smilies/love/love55.gif	love/love55.gif
20060513115022	http://forum.azzurra.org/images/smilies/love/love57.gif	love/love57.gif
20060513113359	http://forum.azzurra.org/images/smilies/love/love59.gif	love/love59.gif
20060513112646	http://forum.azzurra.org/images/smilies/love/love62.gif	love/love62.gif
20060513112545	http://forum.azzurra.org/images/smilies/love/love68.gif	love/love68.gif
20060513105854	http://forum.azzurra.org/images/smilies/love/love70.gif	love/love70.gif
20060513113037	http://forum.azzurra.org/images/smilies/love/love72.gif	love/love72.gif
20060513113816	http://forum.azzurra.org/images/smilies/love/love73.gif	love/love73.gif
20060513105313	http://forum.azzurra.org/images/smilies/love/love74.gif	love/love74.gif
20060513103444	http://forum.azzurra.org/images/smilies/love/love79.gif	love/love79.gif
20060216184153	http://forum.azzurra.org:80/images/smilies/mad.gif	mad.gif
20060209002846	http://forum.azzurra.org:80/images/smilies/muoio.gif	muoio.gif
20060513113136	http://forum.azzurra.org/images/smilies/muti.gif	muti.gif
20060513105009	http://forum.azzurra.org/images/smilies/nonono.gif	nonono.gif
20050520204708	http://forum.azzurra.org:80/images/smilies/piangoo.gif	piangoo.gif
20060419032429	http://forum.azzurra.org:80/images/smilies/pollicesu.gif	pollicesu.gif
20060513105757	http://forum.azzurra.org/images/smilies/redface.gif	redface.gif
20060513105257	http://forum.azzurra.org/images/smilies/risata.gif	risata.gif
20060513114048	http://forum.azzurra.org/images/smilies/rolleyes.gif	rolleyes.gif
20060513110534	http://forum.azzurra.org/images/smilies/sm157.gif	sm157.gif
20060618142422	http://forum.azzurra.org:80/images/smilies/sm404.gif	sm404.gif
20060513114512	http://forum.azzurra.org/images/smilies/smile.gif	smile.gif
20050520212527	http://forum.azzurra.org:80/images/smilies/smilee.gif	smilee.gif
20060513103416	http://forum.azzurra.org/images/smilies/sonno/sonno04.gif	sonno/sonno04.gif
20060513103250	http://forum.azzurra.org/images/smilies/sonno/sonno09.gif	sonno/sonno09.gif
20060510212431	http://forum.azzurra.org/images/smilies/sonno/sonno14.gif	sonno/sonno14.gif
20060513113529	http://forum.azzurra.org/images/smilies/sonno/sonno17.gif	sonno/sonno17.gif
20060513113318	http://forum.azzurra.org/images/smilies/sonno/sonno18.gif	sonno/sonno18.gif
20060513104058	http://forum.azzurra.org/images/smilies/sonno/sonno23.gif	sonno/sonno23.gif
20060513115053	http://forum.azzurra.org/images/smilies/sonno/sonno25.gif	sonno/sonno25.gif
20060513114440	http://forum.azzurra.org/images/smilies/sonno/sonno31.gif	sonno/sonno31.gif
20071029022456	http://forum.azzurra.org/images/smilies/sonno/sonno32.gif	sonno/sonno32.gif
20060513113927	http://forum.azzurra.org/images/smilies/sonno/sonno39.gif	sonno/sonno39.gif
20060513111551	http://forum.azzurra.org/images/smilies/sonno/sonno42.gif	sonno/sonno42.gif
20060513105707	http://forum.azzurra.org/images/smilies/sonno/sonno44.gif	sonno/sonno44.gif
20060513113549	http://forum.azzurra.org/images/smilies/sonno/sonno46.gif	sonno/sonno46.gif
20060513113535	http://forum.azzurra.org/images/smilies/sonno/sonno51.gif	sonno/sonno51.gif
20060513111456	http://forum.azzurra.org/images/smilies/sonno/sonno52.gif	sonno/sonno52.gif
20060513111357	http://forum.azzurra.org/images/smilies/sonno/sonno53.gif	sonno/sonno53.gif
20060513113809	http://forum.azzurra.org/images/smilies/sonno/sonno54.gif	sonno/sonno54.gif
20060216190923	http://forum.azzurra.org:80/images/smilies/sospiro.gif	sospiro.gif
20060507070142	http://forum.azzurra.org/images/smilies/speciali/speciali04.gif	speciali/speciali04.gif
20060513104325	http://forum.azzurra.org/images/smilies/speciali/speciali06.gif	speciali/speciali06.gif
20060513113729	http://forum.azzurra.org/images/smilies/speciali/speciali10.gif	speciali/speciali10.gif
20060513105839	http://forum.azzurra.org/images/smilies/speciali/speciali11.gif	speciali/speciali11.gif
20060513105947	http://forum.azzurra.org/images/smilies/speciali/speciali13.gif	speciali/speciali13.gif
20060513104145	http://forum.azzurra.org/images/smilies/speciali/speciali14.gif	speciali/speciali14.gif
20060513103523	http://forum.azzurra.org/images/smilies/speciali/speciali19.gif	speciali/speciali19.gif
20060513114931	http://forum.azzurra.org/images/smilies/speciali/speciali21.gif	speciali/speciali21.gif
20060513104115	http://forum.azzurra.org/images/smilies/speciali/speciali22.gif	speciali/speciali22.gif
20060507070204	http://forum.azzurra.org/images/smilies/speciali/speciali26.gif	speciali/speciali26.gif
20060513111140	http://forum.azzurra.org/images/smilies/speciali/speciali27.gif	speciali/speciali27.gif
20060513112511	http://forum.azzurra.org/images/smilies/speciali/speciali29.gif	speciali/speciali29.gif
20060513110932	http://forum.azzurra.org/images/smilies/speciali/speciali30.gif	speciali/speciali30.gif
20060513111255	http://forum.azzurra.org/images/smilies/speciali/speciali31.gif	speciali/speciali31.gif
20060513111242	http://forum.azzurra.org/images/smilies/speciali/speciali36.gif	speciali/speciali36.gif
20060513112929	http://forum.azzurra.org/images/smilies/speciali/speciali37.gif	speciali/speciali37.gif
20060513111158	http://forum.azzurra.org/images/smilies/speciali/speciali39.gif	speciali/speciali39.gif
20060513105400	http://forum.azzurra.org/images/smilies/speciali/speciali40.gif	speciali/speciali40.gif
20060513110006	http://forum.azzurra.org/images/smilies/speciali/speciali42.gif	speciali/speciali42.gif
20060513112333	http://forum.azzurra.org/images/smilies/speciali/speciali45.gif	speciali/speciali45.gif
20060513113627	http://forum.azzurra.org/images/smilies/speciali/speciali48.gif	speciali/speciali48.gif
20060513113153	http://forum.azzurra.org/images/smilies/sport/sport03.gif	sport/sport03.gif
20060513114734	http://forum.azzurra.org/images/smilies/sport/sport04.gif	sport/sport04.gif
20060513114302	http://forum.azzurra.org/images/smilies/sport/sport07.gif	sport/sport07.gif
20060513104810	http://forum.azzurra.org/images/smilies/sport/sport08.gif	sport/sport08.gif
20060513112937	http://forum.azzurra.org/images/smilies/sport/sport09.gif	sport/sport09.gif
20060513110147	http://forum.azzurra.org/images/smilies/sport/sport13.gif	sport/sport13.gif
20060513111322	http://forum.azzurra.org/images/smilies/sport/sport14.gif	sport/sport14.gif
20060513105619	http://forum.azzurra.org/images/smilies/sport/sport18.gif	sport/sport18.gif
20060513104902	http://forum.azzurra.org/images/smilies/sport/sport19.gif	sport/sport19.gif
20060513111338	http://forum.azzurra.org/images/smilies/sport/sport21.gif	sport/sport21.gif
20060513105741	http://forum.azzurra.org/images/smilies/sport/sport24.gif	sport/sport24.gif
20060513112020	http://forum.azzurra.org/images/smilies/sport/sport26.gif	sport/sport26.gif
20060513103756	http://forum.azzurra.org/images/smilies/sport/sport28.gif	sport/sport28.gif
20060513110424	http://forum.azzurra.org/images/smilies/sport/sport29.gif	sport/sport29.gif
20060513104330	http://forum.azzurra.org/images/smilies/sport/sport30.gif	sport/sport30.gif
20060513113646	http://forum.azzurra.org/images/smilies/sport/sport31.gif	sport/sport31.gif
20060513105728	http://forum.azzurra.org/images/smilies/sport/sport32.gif	sport/sport32.gif
20060513112205	http://forum.azzurra.org/images/smilies/sport/sport33.gif	sport/sport33.gif
20060513111816	http://forum.azzurra.org/images/smilies/sport/sport36.gif	sport/sport36.gif
20060513111106	http://forum.azzurra.org/images/smilies/sport/sport38.gif	sport/sport38.gif
20060513104841	http://forum.azzurra.org/images/smilies/sport/sport39.gif	sport/sport39.gif
20060513111621	http://forum.azzurra.org/images/smilies/sport/sport40.gif	sport/sport40.gif
20060513114726	http://forum.azzurra.org/images/smilies/sport/sport41.gif	sport/sport41.gif
20060513105625	http://forum.azzurra.org/images/smilies/sport/sport43.gif	sport/sport43.gif
20060513105044	http://forum.azzurra.org/images/smilies/sport/sport44.gif	sport/sport44.gif
20060513103835	http://forum.azzurra.org/images/smilies/sport/sport45.gif	sport/sport45.gif
20060513114505	http://forum.azzurra.org/images/smilies/sport/sport46.gif	sport/sport46.gif
20060513110313	http://forum.azzurra.org/images/smilies/sport/sport47.gif	sport/sport47.gif
20060513114843	http://forum.azzurra.org/images/smilies/sport/sport51.gif	sport/sport51.gif
20060513105846	http://forum.azzurra.org/images/smilies/sport/sport53.gif	sport/sport53.gif
20060513112824	http://forum.azzurra.org/images/smilies/sport/sport55.gif	sport/sport55.gif
20060513111531	http://forum.azzurra.org/images/smilies/sport/sport59.gif	sport/sport59.gif
20060513111219	http://forum.azzurra.org/images/smilies/sport/sport61.gif	sport/sport61.gif
20071029022103	http://forum.azzurra.org/images/smilies/sport/sport62.gif	sport/sport62.gif
20060513114221	http://forum.azzurra.org/images/smilies/sport/sport63.gif	sport/sport63.gif
20060513112754	http://forum.azzurra.org/images/smilies/sport/sport64.gif	sport/sport64.gif
20060513103347	http://forum.azzurra.org/images/smilies/sport/sport65.gif	sport/sport65.gif
20060513113335	http://forum.azzurra.org/images/smilies/tongue.gif	tongue.gif
20060513103828	http://forum.azzurra.org/images/smilies/varie/varie03.gif	varie/varie03.gif
20060513111939	http://forum.azzurra.org/images/smilies/varie/varie04.gif	varie/varie04.gif
20060513103749	http://forum.azzurra.org/images/smilies/varie/varie06.gif	varie/varie06.gif
20060513112005	http://forum.azzurra.org/images/smilies/varie/varie08.gif	varie/varie08.gif
20060513104540	http://forum.azzurra.org/images/smilies/varie/varie11.gif	varie/varie11.gif
20060513114518	http://forum.azzurra.org/images/smilies/varie/varie14.gif	varie/varie14.gif
20060513104336	http://forum.azzurra.org/images/smilies/varie/varie20.gif	varie/varie20.gif
20060513111840	http://forum.azzurra.org/images/smilies/varie/varie25.gif	varie/varie25.gif
20060513104555	http://forum.azzurra.org/images/smilies/varie/varie26.gif	varie/varie26.gif
20060513110457	http://forum.azzurra.org/images/smilies/varie/varie27.gif	varie/varie27.gif
20060513105217	http://forum.azzurra.org/images/smilies/varie/varie28.gif	varie/varie28.gif
20060513113109	http://forum.azzurra.org/images/smilies/varie/varie29.gif	varie/varie29.gif
20060513112124	http://forum.azzurra.org/images/smilies/varie/varie30.gif	varie/varie30.gif
20060513110321	http://forum.azzurra.org/images/smilies/varie/varie32.gif	varie/varie32.gif
20060513112614	http://forum.azzurra.org/images/smilies/varie/varie39.gif	varie/varie39.gif
20060513111520	http://forum.azzurra.org/images/smilies/varie/varie46.gif	varie/varie46.gif
20060513113912	http://forum.azzurra.org/images/smilies/varie/varie51.gif	varie/varie51.gif
20060513103953	http://forum.azzurra.org/images/smilies/varie/varie64.gif	varie/varie64.gif
20060513104003	http://forum.azzurra.org/images/smilies/varie/varie65.gif	varie/varie65.gif
20060513110242	http://forum.azzurra.org/images/smilies/wink.gif	wink.gif
20060513102617	http://forum.azzurra.org/images/smilies/zitto.gif	zitto.gif
