20070321120000	http://forum.azzurra.org:80/archive/index.php/t-10312.html	t-10312.html
20070908074555	http://forum.azzurra.org:80/archive/index.php/t-11104.html	t-11104.html
20070221220811	http://forum.azzurra.org:80/archive/index.php/t-11104.html	t-11104.html
20070302083655	http://forum.azzurra.org:80/archive/index.php/t-11198.html	t-11198.html
20070519013638	http://forum.azzurra.org:80/archive/index.php/t-12455.html	t-12455.html
20070404191951	http://forum.azzurra.org:80/archive/index.php/t-12455.html	t-12455.html
20070228130102	http://forum.azzurra.org:80/archive/index.php/t-12455.html	t-12455.html
20070825201923	http://forum.azzurra.org:80/archive/index.php/t-3009.html	t-3009.html
20070513174236	http://forum.azzurra.org:80/archive/index.php/t-3222.html	t-3222.html
20070312200025	http://forum.azzurra.org:80/archive/index.php/t-6976.html	t-6976.html
20060615151443	http://forum.azzurra.org:80/archive/index.php/t-7382.html	t-7382.html
20070304061424	http://forum.azzurra.org:80/archive/index.php/t-8149.html	t-8149.html
20070303200121	http://forum.azzurra.org:80/archive/index.php/t-8245.html	t-8245.html
20070427024940	http://forum.azzurra.org:80/archive/index.php/t-8286.html	t-8286.html
20070303215239	http://forum.azzurra.org:80/archive/index.php/t-8438.html	t-8438.html
20061027150908	http://forum.azzurra.org:80/archive/index.php/t-8438.html	t-8438.html
20060823061129	http://forum.azzurra.org:80/archive/index.php/t-8438.html	t-8438.html
20060813191518	http://forum.azzurra.org:80/archive/index.php/t-8439.html	t-8439.html
20060813151308	http://forum.azzurra.org:80/archive/index.php/t-8439.html	t-8439.html
20060822070918	http://forum.azzurra.org:80/showthread.php?t=8245&page=3	t-8245.html
20070222013158	http://forum.azzurra.org:80/showthread.php?s=ec99156c0c66edd1701b5db659d8bd84&t=10009	st-10009.html
20070221221803	http://forum.azzurra.org:80/showthread.php?s=97fab5b91c1ed0910a2c21c3c608b657&t=10011	st-10011.html
20070830022919	http://forum.azzurra.org:80/showthread.php?s=0e99b55cbb1993cf74c312ce44bbc5ac&t=10065	st-10065.html
20070221065537	http://forum.azzurra.org:80/showthread.php?s=03eded25aae94c44de36e1cbbdde3399&t=10114	st-10114.html
20070306200323	http://forum.azzurra.org:80/showthread.php?s=efd400b3927c68158ee3382a57a126e4&t=10440	st-10440.html
20070307060705	http://forum.azzurra.org:80/showthread.php?s=efd400b3927c68158ee3382a57a126e4&t=10464&goto=nextnewest	st-10464.html
20070307030901	http://forum.azzurra.org:80/showthread.php?s=efd400b3927c68158ee3382a57a126e4&t=10473	st-10473.html
20070221194623	http://forum.azzurra.org:80/showthread.php?s=03eded25aae94c44de36e1cbbdde3399&t=10532	st-10532.html
20070227192234	http://forum.azzurra.org:80/showthread.php?s=88f1c0b5ca7f3b0c060e4e1b941c677a&t=1059	st-1059.html
20070306200334	http://forum.azzurra.org:80/showthread.php?s=efd400b3927c68158ee3382a57a126e4&t=10607	st-10607.html
20070316012214	http://forum.azzurra.org:80/showthread.php?s=b386d24dfe7e52fa928c31031336e090&t=10662	st-10662.html
20070307052604	http://forum.azzurra.org:80/showthread.php?s=efd400b3927c68158ee3382a57a126e4&t=10704	st-10704.html
20070222013037	http://forum.azzurra.org:80/showthread.php?s=97fab5b91c1ed0910a2c21c3c608b657&t=10815	st-10815.html
20070307051852	http://forum.azzurra.org:80/showthread.php?s=631dd44fc86e3c7e58a863b7758e6cda&t=10961	st-10961.html
20070314124948	http://forum.azzurra.org:80/showthread.php?s=12977308032ff9f5f59295718967aaa3&t=1105&page=2	st-1105.html
20070303201521	http://forum.azzurra.org:80/showthread.php?s=f95ecff6eccf2b2bf3e4cdfd2a817a78&t=1110	st-1110.html
20070222013058	http://forum.azzurra.org:80/showthread.php?s=97fab5b91c1ed0910a2c21c3c608b657&t=11147	st-11147.html
20070307051902	http://forum.azzurra.org:80/showthread.php?s=631dd44fc86e3c7e58a863b7758e6cda&t=11161	st-11161.html
20070304074956	http://forum.azzurra.org:80/showthread.php?s=ec9c872bbd81e5113dcc2748ca167e01&t=11244&goto=nextnewest	st-11244.html
20070830022818	http://forum.azzurra.org:80/showthread.php?s=f8fd7cd9388d9cc0d8bdb56a3cd7faac&t=11250&page=11	st-11250.html
20070307052624	http://forum.azzurra.org:80/showthread.php?s=efd400b3927c68158ee3382a57a126e4&t=11265	st-11265.html
20070316012236	http://forum.azzurra.org:80/showthread.php?s=b386d24dfe7e52fa928c31031336e090&t=11310	st-11310.html
20070306200405	http://forum.azzurra.org:80/showthread.php?s=efd400b3927c68158ee3382a57a126e4&t=11314	st-11314.html
20070307075955	http://forum.azzurra.org:80/showthread.php?s=efd400b3927c68158ee3382a57a126e4&t=11345	st-11345.html
20070304075017	http://forum.azzurra.org:80/showthread.php?s=f95ecff6eccf2b2bf3e4cdfd2a817a78&t=11358&goto=nextoldest	st-11358.html
20070316022446	http://forum.azzurra.org:80/showthread.php?s=9b988f08c4f043686a958ffea4e08970&t=11385&goto=nextoldest	st-11385.html
20070310013132	http://forum.azzurra.org:80/showthread.php?s=9e6c5744eefe9238f6006a59f254e07a&t=11422	st-11422.html
20070221065901	http://forum.azzurra.org:80/showthread.php?s=97fab5b91c1ed0910a2c21c3c608b657&t=11427	st-11427.html
20070304065715	http://forum.azzurra.org:80/showthread.php?s=9e6c5744eefe9238f6006a59f254e07a&t=11450	st-11450.html
20070307031540	http://forum.azzurra.org:80/showthread.php?s=efd400b3927c68158ee3382a57a126e4&t=11457	st-11457.html
20070316050014	http://forum.azzurra.org:80/showthread.php?s=b386d24dfe7e52fa928c31031336e090&t=11529	st-11529.html
20070222012743	http://forum.azzurra.org:80/showthread.php?s=1203d5fa8edd4d1fea2d2e0b9e6de8c0&t=11570	st-11570.html
20070307051802	http://forum.azzurra.org:80/showthread.php?s=00f608608331541a22414b4586d7fdcc&t=11591	st-11591.html
20070305150236	http://forum.azzurra.org:80/showthread.php?s=00f608608331541a22414b4586d7fdcc&t=11717	st-11717.html
20070314060711	http://forum.azzurra.org:80/showthread.php?s=4df9ff0ef87f55284faee03b2bde9a3d&t=11764	st-11764.html
20070307051811	http://forum.azzurra.org:80/showthread.php?s=00f608608331541a22414b4586d7fdcc&t=11809	st-11809.html
20070306053230	http://forum.azzurra.org:80/showthread.php?s=efd400b3927c68158ee3382a57a126e4&t=11814	st-11814.html
20070307075233	http://forum.azzurra.org:80/showthread.php?s=00f608608331541a22414b4586d7fdcc&t=11819	st-11819.html
20070222013107	http://forum.azzurra.org:80/showthread.php?s=97fab5b91c1ed0910a2c21c3c608b657&t=11876	st-11876.html
20060515223055	http://forum.azzurra.org/showthread.php?t=11939&goto=nextoldest	st-11939.html
20070222012642	http://forum.azzurra.org:80/showthread.php?s=03eded25aae94c44de36e1cbbdde3399&t=11964	st-11964.html
20070322123635	http://forum.azzurra.org:80/showthread.php?s=9b988f08c4f043686a958ffea4e08970&mode=hybrid&t=11995	st-11995.html
20070322160221	http://forum.azzurra.org:80/showthread.php?s=9b988f08c4f043686a958ffea4e08970&t=12087&page=7	st-12087.html
20070520212413	http://forum.azzurra.org:80/showthread.php?s=ff786f52a9a92869d4fabe1c02ff2fda&t=12106&page=62	st-12106.html
20070309111520	http://forum.azzurra.org:80/showthread.php?s=ec9c872bbd81e5113dcc2748ca167e01&t=12301	st-12301.html
20070911112909	http://forum.azzurra.org:80/showthread.php?s=eee37a900a77995355b38b46b227da72&t=12315	st-12315.html
20070306200428	http://forum.azzurra.org:80/showthread.php?s=efd400b3927c68158ee3382a57a126e4&t=12367	st-12367.html
20070222013330	http://forum.azzurra.org:80/showthread.php?s=ec99156c0c66edd1701b5db659d8bd84&t=12403	st-12403.html
20070317182420	http://forum.azzurra.org:80/showthread.php?s=1e4a43fa181fc4cdf7626ba07b3520a9&t=12445	st-12445.html
20070303214129	http://forum.azzurra.org:80/showthread.php?s=9e6c5744eefe9238f6006a59f254e07a&t=12468&goto=nextoldest	st-12468.html
20070316045407	http://forum.azzurra.org:80/showthread.php?s=1e4a43fa181fc4cdf7626ba07b3520a9&t=12474	st-12474.html
20070310065513	http://forum.azzurra.org:80/showthread.php?s=9e6c5744eefe9238f6006a59f254e07a&t=12476	st-12476.html
20070322124651	http://forum.azzurra.org:80/showthread.php?s=9b988f08c4f043686a958ffea4e08970&t=12504&goto=nextnewest	st-12504.html
20070307080004	http://forum.azzurra.org:80/showthread.php?s=efd400b3927c68158ee3382a57a126e4&t=12522	st-12522.html
20070304065212	http://forum.azzurra.org:80/showthread.php?s=ec9c872bbd81e5113dcc2748ca167e01&t=1255	st-1255.html
20070316045417	http://forum.azzurra.org:80/showthread.php?s=1e4a43fa181fc4cdf7626ba07b3520a9&t=12565	st-12565.html
20070307080014	http://forum.azzurra.org:80/showthread.php?s=efd400b3927c68158ee3382a57a126e4&t=12601	st-12601.html
20070830023607	http://forum.azzurra.org:80/showthread.php?s=f8fd7cd9388d9cc0d8bdb56a3cd7faac&t=12622&page=4	st-12622.html
20070316012246	http://forum.azzurra.org:80/showthread.php?s=b386d24dfe7e52fa928c31031336e090&t=12693	st-12693.html
20070305122813	http://forum.azzurra.org:80/showthread.php?s=efd400b3927c68158ee3382a57a126e4&t=12724	st-12724.html
20070312202655	http://forum.azzurra.org:80/showthread.php?s=4df9ff0ef87f55284faee03b2bde9a3d&t=12778&page=3	st-12778.html
20070223211615	http://forum.azzurra.org:80/showthread.php?s=f31549aa49846a60e054e20cb590eec2&t=12784	st-12784.html
20070311135327	http://forum.azzurra.org:80/showthread.php?s=4df9ff0ef87f55284faee03b2bde9a3d&t=12942&page=3	st-12942.html
20070317192507	http://forum.azzurra.org:80/showthread.php?s=9b988f08c4f043686a958ffea4e08970&t=12955&goto=nextoldest	st-12955.html
20060515180931	http://forum.azzurra.org/showthread.php?mode=hybrid&t=12974	st-12974.html
20070316022458	http://forum.azzurra.org:80/showthread.php?s=9b988f08c4f043686a958ffea4e08970&t=13084&goto=nextoldest	st-13084.html
20070316045447	http://forum.azzurra.org:80/showthread.php?s=1e4a43fa181fc4cdf7626ba07b3520a9&t=13113	st-13113.html
20070307052633	http://forum.azzurra.org:80/showthread.php?s=efd400b3927c68158ee3382a57a126e4&t=13129	st-13129.html
20070316011709	http://forum.azzurra.org:80/showthread.php?s=1e4a43fa181fc4cdf7626ba07b3520a9&t=13150	st-13150.html
20070223185124	http://forum.azzurra.org:80/showthread.php?s=fc9f736b7bb48a05edc2b556264887f6&t=13161&goto=nextoldest	st-13161.html
20070228175419	http://forum.azzurra.org:80/showthread.php?s=88f1c0b5ca7f3b0c060e4e1b941c677a&mode=hybrid&t=13173	st-13173.html
20070316011720	http://forum.azzurra.org:80/showthread.php?s=1e4a43fa181fc4cdf7626ba07b3520a9&t=13188	st-13188.html
20070301003629	http://forum.azzurra.org:80/showthread.php?s=2d8479e3eb0a9797f4572e8c7d6d3e51&t=13253	st-13253.html
20070321093931	http://forum.azzurra.org:80/showthread.php?s=b386d24dfe7e52fa928c31031336e090&t=13255&page=4	st-13255.html
20070819120304	http://forum.azzurra.org:80/showthread.php?s=a24d23367105c8333d42265a81242979&t=13268&page=3	st-13268.html
20070316045458	http://forum.azzurra.org:80/showthread.php?s=1e4a43fa181fc4cdf7626ba07b3520a9&t=13271	st-13271.html
20070307052645	http://forum.azzurra.org:80/showthread.php?s=efd400b3927c68158ee3382a57a126e4&t=13334	st-13334.html
20070307080034	http://forum.azzurra.org:80/showthread.php?s=efd400b3927c68158ee3382a57a126e4&t=13342	st-13342.html
20070519045828	http://forum.azzurra.org:80/showthread.php?s=f4ffe6c54ee581e54a986a26fb3b6e88&mode=hybrid&t=13351	st-13351.html
20070310064806	http://forum.azzurra.org:80/showthread.php?s=943d35a0becef6ee9e5fcc98f9c42a0a&t=1338	st-1338.html
20070307052655	http://forum.azzurra.org:80/showthread.php?s=efd400b3927c68158ee3382a57a126e4&t=13419	st-13419.html
20070307080043	http://forum.azzurra.org:80/showthread.php?s=efd400b3927c68158ee3382a57a126e4&t=13430	st-13430.html
20070509132239	http://forum.azzurra.org:80/showthread.php?s=20f8aeebe3826248a19c4f6362c826e4&t=13433&page=2	st-13433.html
20070307052718	http://forum.azzurra.org:80/showthread.php?s=efd400b3927c68158ee3382a57a126e4&t=13504	st-13504.html
20070222013118	http://forum.azzurra.org:80/showthread.php?s=97fab5b91c1ed0910a2c21c3c608b657&t=13522	st-13522.html
20070307052729	http://forum.azzurra.org:80/showthread.php?s=efd400b3927c68158ee3382a57a126e4&t=13523	st-13523.html
20070321064116	http://forum.azzurra.org:80/showthread.php?s=b386d24dfe7e52fa928c31031336e090&t=13528	st-13528.html
20070304065221	http://forum.azzurra.org:80/showthread.php?s=ec9c872bbd81e5113dcc2748ca167e01&t=1357	st-1357.html
20070509022321	http://forum.azzurra.org:80/showthread.php?s=20f8aeebe3826248a19c4f6362c826e4&t=13609&page=2	st-13609.html
20070224031543	http://forum.azzurra.org:80/showthread.php?s=fc9f736b7bb48a05edc2b556264887f6&t=13623&goto=nextoldest	st-13623.html
20070227075539	http://forum.azzurra.org:80/showthread.php?s=2d8479e3eb0a9797f4572e8c7d6d3e51&t=13635&page=2	st-13635.html
20070310065524	http://forum.azzurra.org:80/showthread.php?s=9e6c5744eefe9238f6006a59f254e07a&t=13651	st-13651.html
20130817071505	http://forum.azzurra.org:80/showthread.php?s=a7853f3583d20f2f40f68702f5c8656c&t=13654	st-13654.html
20070317021410	http://forum.azzurra.org:80/showthread.php?s=b386d24dfe7e52fa928c31031336e090&t=13679	st-13679.html
20070310055249	http://forum.azzurra.org:80/showthread.php?s=ec9c872bbd81e5113dcc2748ca167e01&t=13691&goto=nextoldest	st-13691.html
20070317184157	http://forum.azzurra.org:80/showthread.php?s=b386d24dfe7e52fa928c31031336e090&t=13697&page=2	st-13697.html
20070222011747	http://forum.azzurra.org:80/showthread.php?s=03eded25aae94c44de36e1cbbdde3399&t=1370	st-1370.html
20070317022434	http://forum.azzurra.org:80/showthread.php?s=b386d24dfe7e52fa928c31031336e090&t=13727&page=6	st-13727.html
20070307052751	http://forum.azzurra.org:80/showthread.php?s=efd400b3927c68158ee3382a57a126e4&t=13728	st-13728.html
20070222013128	http://forum.azzurra.org:80/showthread.php?s=97fab5b91c1ed0910a2c21c3c608b657&t=13743	st-13743.html
20070316012409	http://forum.azzurra.org:80/showthread.php?s=b386d24dfe7e52fa928c31031336e090&t=13754	st-13754.html
20070303201716	http://forum.azzurra.org:80/showthread.php?s=943d35a0becef6ee9e5fcc98f9c42a0a&t=13757	st-13757.html
20070310065534	http://forum.azzurra.org:80/showthread.php?s=9e6c5744eefe9238f6006a59f254e07a&t=13765	st-13765.html
20070221021627	http://forum.azzurra.org:80/showthread.php?s=1203d5fa8edd4d1fea2d2e0b9e6de8c0&t=13773	st-13773.html
20070222013138	http://forum.azzurra.org:80/showthread.php?s=97fab5b91c1ed0910a2c21c3c608b657&t=13780	st-13780.html
20070222013148	http://forum.azzurra.org:80/showthread.php?s=97fab5b91c1ed0910a2c21c3c608b657&t=13785	st-13785.html
20070330211855	http://forum.azzurra.org:80/showthread.php?s=b0b2c19b5ab8c2b34711525b5c2b7847&t=13787&goto=nextnewest	st-13787.html
20070309110905	http://forum.azzurra.org:80/showthread.php?s=ec9c872bbd81e5113dcc2748ca167e01&t=1380	st-1380.html
20070310013142	http://forum.azzurra.org:80/showthread.php?s=9e6c5744eefe9238f6006a59f254e07a&t=13847	st-13847.html
20070911113259	http://forum.azzurra.org:80/showthread.php?s=5987e71ee064b0637ae7b6ab66cb61f5&t=13853&page=21	st-13853.html
20070827020152	http://forum.azzurra.org:80/showthread.php?s=c9279d7839f01152c1383a6616aba167&t=13860	st-13860.html
20070317021441	http://forum.azzurra.org:80/showthread.php?s=b386d24dfe7e52fa928c31031336e090&t=13886	st-13886.html
20070316050047	http://forum.azzurra.org:80/showthread.php?s=b386d24dfe7e52fa928c31031336e090&t=13890	st-13890.html
20070305122852	http://forum.azzurra.org:80/showthread.php?s=efd400b3927c68158ee3382a57a126e4&t=13893	st-13893.html
20070317021451	http://forum.azzurra.org:80/showthread.php?s=b386d24dfe7e52fa928c31031336e090&t=13912	st-13912.html
20070316012432	http://forum.azzurra.org:80/showthread.php?s=b386d24dfe7e52fa928c31031336e090&t=13918	st-13918.html
20070316050059	http://forum.azzurra.org:80/showthread.php?s=b386d24dfe7e52fa928c31031336e090&t=13923	st-13923.html
20070303201726	http://forum.azzurra.org:80/showthread.php?s=943d35a0becef6ee9e5fcc98f9c42a0a&t=13927	st-13927.html
20160818020322	http://forum.azzurra.org/showthread.php?s=95fc12a21ff9bb8aec95d945a762cfca&t=13951	st-13951.html
20070316012443	http://forum.azzurra.org:80/showthread.php?s=b386d24dfe7e52fa928c31031336e090&t=13961	st-13961.html
20070303135401	http://forum.azzurra.org:80/showthread.php?s=943d35a0becef6ee9e5fcc98f9c42a0a&t=13994	st-13994.html
20070316050108	http://forum.azzurra.org:80/showthread.php?s=b386d24dfe7e52fa928c31031336e090&t=14001	st-14001.html
20070303221300	http://forum.azzurra.org:80/showthread.php?s=ec9c872bbd81e5113dcc2748ca167e01&t=14006	st-14006.html
20070303135414	http://forum.azzurra.org:80/showthread.php?s=943d35a0becef6ee9e5fcc98f9c42a0a&t=14014	st-14014.html
20070303010554	http://forum.azzurra.org:80/showthread.php?s=943d35a0becef6ee9e5fcc98f9c42a0a&t=14023	st-14023.html
20070303010604	http://forum.azzurra.org:80/showthread.php?s=943d35a0becef6ee9e5fcc98f9c42a0a&t=14035	st-14035.html
20070316050128	http://forum.azzurra.org:80/showthread.php?s=b386d24dfe7e52fa928c31031336e090&t=14077	st-14077.html
20070303135422	http://forum.azzurra.org:80/showthread.php?s=943d35a0becef6ee9e5fcc98f9c42a0a&t=14082	st-14082.html
20070320222759	http://forum.azzurra.org:80/showthread.php?s=b386d24dfe7e52fa928c31031336e090&t=14095	st-14095.html
20070303135432	http://forum.azzurra.org:80/showthread.php?s=943d35a0becef6ee9e5fcc98f9c42a0a&t=14100	st-14100.html
20070911112709	http://forum.azzurra.org:80/showthread.php?s=5987e71ee064b0637ae7b6ab66cb61f5&t=14101&page=5	st-14101.html
20070304065734	http://forum.azzurra.org:80/showthread.php?s=9e6c5744eefe9238f6006a59f254e07a&t=14147	st-14147.html
20070518230737	http://forum.azzurra.org:80/showthread.php?s=6cf8b8d2ee7bba83438b40d39ca7cd33&mode=hybrid&t=14189	st-14189.html
20070221021637	http://forum.azzurra.org:80/showthread.php?s=1203d5fa8edd4d1fea2d2e0b9e6de8c0&t=14194	st-14194.html
20070220205536	http://forum.azzurra.org:80/showthread.php?s=1203d5fa8edd4d1fea2d2e0b9e6de8c0&t=14204	st-14204.html
20070222012814	http://forum.azzurra.org:80/showthread.php?s=1203d5fa8edd4d1fea2d2e0b9e6de8c0&t=14206	st-14206.html
20070317021533	http://forum.azzurra.org:80/showthread.php?s=b386d24dfe7e52fa928c31031336e090&t=14221	st-14221.html
20070304065744	http://forum.azzurra.org:80/showthread.php?s=9e6c5744eefe9238f6006a59f254e07a&t=14235	st-14235.html
20070321165204	http://forum.azzurra.org:80/showthread.php?t=14246&goto=nextnewest	st-14246.html
20070303201903	http://forum.azzurra.org:80/showthread.php?s=943d35a0becef6ee9e5fcc98f9c42a0a&t=14264	st-14264.html
20070307031423	http://forum.azzurra.org:80/showthread.php?s=efd400b3927c68158ee3382a57a126e4&t=14276	st-14276.html
20070518154119	http://forum.azzurra.org:80/showthread.php?s=1c671239710595e2a71cdea4782548ab&t=14332&page=6	st-14332.html
20070518173650	http://forum.azzurra.org:80/showthread.php?s=614574af3c3c3b2a9786a2aed9da01d7&t=14343&page=5	st-14343.html
20070911002945	http://forum.azzurra.org:80/showthread.php?s=eee37a900a77995355b38b46b227da72&t=14346&page=2	st-14346.html
20070520211526	http://forum.azzurra.org:80/showthread.php?s=fec5d08e578eb4b1fdc15cbbc69c04f9&t=14429	st-14429.html
20070509202013	http://forum.azzurra.org:80/showthread.php?s=20f8aeebe3826248a19c4f6362c826e4&t=14454&page=5	st-14454.html
20070509132355	http://forum.azzurra.org:80/showthread.php?s=20f8aeebe3826248a19c4f6362c826e4&t=14457	st-14457.html
20070911113342	http://forum.azzurra.org:80/showthread.php?s=5987e71ee064b0637ae7b6ab66cb61f5&t=14544&page=3	st-14544.html
20070911112653	http://forum.azzurra.org:80/showthread.php?s=5987e71ee064b0637ae7b6ab66cb61f5&t=14581	st-14581.html
20070911002950	http://forum.azzurra.org:80/showthread.php?s=5987e71ee064b0637ae7b6ab66cb61f5&mode=hybrid&t=14648	st-14648.html
20070911084428	http://forum.azzurra.org:80/showthread.php?s=5987e71ee064b0637ae7b6ab66cb61f5&mode=hybrid&t=14651	st-14651.html
20070911112902	http://forum.azzurra.org:80/showthread.php?s=5987e71ee064b0637ae7b6ab66cb61f5&mode=hybrid&t=14670	st-14670.html
20070911112450	http://forum.azzurra.org:80/showthread.php?s=eee37a900a77995355b38b46b227da72&t=14675&page=2	st-14675.html
20070316044809	http://forum.azzurra.org:80/showthread.php?s=b386d24dfe7e52fa928c31031336e090&t=1491	st-1491.html
20070309110915	http://forum.azzurra.org:80/showthread.php?s=ec9c872bbd81e5113dcc2748ca167e01&t=1497	st-1497.html
20160819090705	http://forum.azzurra.org/showthread.php?s=cb7b140df17435b1094cfa816e75d327&t=15125&page=3	st-15125.html
20160818123424	http://forum.azzurra.org/showthread.php?s=a592ea1baeed91912adea4da88d5ea29&t=15151&goto=nextoldest	st-15151.html
20070321121239	http://forum.azzurra.org:80/showthread.php?s=b386d24dfe7e52fa928c31031336e090&t=1532	st-1532.html
20160818085407	http://forum.azzurra.org/showthread.php?s=cb7b140df17435b1094cfa816e75d327&t=15572	st-15572.html
20160818204401	http://forum.azzurra.org/showthread.php?s=a592ea1baeed91912adea4da88d5ea29&t=15675	st-15675.html
20070315043033	http://forum.azzurra.org:80/showthread.php?s=b5c7edb0b46b5d0b84a4a9b1f598721a&t=1580	st-1580.html
20160817232045	http://forum.azzurra.org/showthread.php?s=31ebd4ca207917b256151794a58f4278&mode=hybrid&t=16306	st-16306.html
20070304064942	http://forum.azzurra.org:80/showthread.php?s=943d35a0becef6ee9e5fcc98f9c42a0a&t=1651	st-1651.html
20070310045353	http://forum.azzurra.org:80/showthread.php?s=943d35a0becef6ee9e5fcc98f9c42a0a&t=1655	st-1655.html
20160818001821	http://forum.azzurra.org/showthread.php?s=cb7b140df17435b1094cfa816e75d327&t=16650	st-16650.html
20070305122245	http://forum.azzurra.org:80/showthread.php?s=00f608608331541a22414b4586d7fdcc&t=1693	st-1693.html
20070310064826	http://forum.azzurra.org:80/showthread.php?s=943d35a0becef6ee9e5fcc98f9c42a0a&t=1699	st-1699.html
20070304074613	http://forum.azzurra.org:80/showthread.php?s=943d35a0becef6ee9e5fcc98f9c42a0a&t=1700&goto=nextoldest	st-1700.html
20070316044857	http://forum.azzurra.org:80/showthread.php?s=b386d24dfe7e52fa928c31031336e090&t=1769	st-1769.html
20070911032727	http://forum.azzurra.org:80/showthread.php?s=eee37a900a77995355b38b46b227da72&mode=hybrid&t=1778	st-1778.html
20070222012216	http://forum.azzurra.org:80/showthread.php?s=97fab5b91c1ed0910a2c21c3c608b657&t=1790	st-1790.html
20070304074642	http://forum.azzurra.org:80/showthread.php?s=9e6c5744eefe9238f6006a59f254e07a&t=1825&goto=nextoldest	st-1825.html
20070307031643	http://forum.azzurra.org:80/showthread.php?s=efd400b3927c68158ee3382a57a126e4&t=1882&page=6	st-1882.html
20070322114116	http://forum.azzurra.org:80/showthread.php?s=9b988f08c4f043686a958ffea4e08970&t=1898	st-1898.html
20070307051139	http://forum.azzurra.org:80/showthread.php?s=efd400b3927c68158ee3382a57a126e4&t=1899	st-1899.html
20070306195054	http://forum.azzurra.org:80/showthread.php?s=efd400b3927c68158ee3382a57a126e4&t=1952	st-1952.html
20070321063853	http://forum.azzurra.org:80/showthread.php?s=1e4a43fa181fc4cdf7626ba07b3520a9&t=1998	st-1998.html
20070312200949	http://forum.azzurra.org:80/showthread.php?s=12977308032ff9f5f59295718967aaa3&t=2015	st-2015.html
20160817234731	http://forum.azzurra.org/showthread.php?s=651c2636e9eb8f2c118d862454c6e7c6&t=2116&goto=nextoldest	st-2116.html
20070317192333	http://forum.azzurra.org:80/showthread.php?s=1e4a43fa181fc4cdf7626ba07b3520a9&t=2143&goto=nextnewest	st-2143.html
20070307212523	http://forum.azzurra.org:80/showthread.php?s=00f608608331541a22414b4586d7fdcc&t=2154&goto=nextnewest	st-2154.html
20070316044916	http://forum.azzurra.org:80/showthread.php?s=b386d24dfe7e52fa928c31031336e090&t=2165	st-2165.html
20070309110924	http://forum.azzurra.org:80/showthread.php?s=ec9c872bbd81e5113dcc2748ca167e01&t=2254	st-2254.html
20070825202025	http://forum.azzurra.org:80/showthread.php?s=c9279d7839f01152c1383a6616aba167&t=2314	st-2314.html
20070307050915	http://forum.azzurra.org:80/showthread.php?s=00f608608331541a22414b4586d7fdcc&t=2445	st-2445.html
20070307074628	http://forum.azzurra.org:80/showthread.php?s=00f608608331541a22414b4586d7fdcc&t=2448	st-2448.html
20070307074638	http://forum.azzurra.org:80/showthread.php?s=00f608608331541a22414b4586d7fdcc&t=2450	st-2450.html
20070221220956	http://forum.azzurra.org:80/showthread.php?s=03eded25aae94c44de36e1cbbdde3399&t=2475	st-2475.html
20070307074647	http://forum.azzurra.org:80/showthread.php?s=00f608608331541a22414b4586d7fdcc&t=2479	st-2479.html
20070314063903	http://forum.azzurra.org:80/showthread.php?s=12977308032ff9f5f59295718967aaa3&t=2481&goto=nextoldest	st-2481.html
20070911112619	http://forum.azzurra.org:80/showthread.php?s=eee37a900a77995355b38b46b227da72&mode=hybrid&t=2509	st-2509.html
20070222012250	http://forum.azzurra.org:80/showthread.php?s=97fab5b91c1ed0910a2c21c3c608b657&t=2596	st-2596.html
20070306195116	http://forum.azzurra.org:80/showthread.php?s=efd400b3927c68158ee3382a57a126e4&t=2604	st-2604.html
20070307050950	http://forum.azzurra.org:80/showthread.php?s=00f608608331541a22414b4586d7fdcc&t=2617	st-2617.html
20070307050959	http://forum.azzurra.org:80/showthread.php?s=00f608608331541a22414b4586d7fdcc&t=2618	st-2618.html
20070307051010	http://forum.azzurra.org:80/showthread.php?s=00f608608331541a22414b4586d7fdcc&t=2619	st-2619.html
20070307051022	http://forum.azzurra.org:80/showthread.php?s=00f608608331541a22414b4586d7fdcc&t=2620	st-2620.html
20070307074658	http://forum.azzurra.org:80/showthread.php?s=00f608608331541a22414b4586d7fdcc&t=2621	st-2621.html
20070307074710	http://forum.azzurra.org:80/showthread.php?s=00f608608331541a22414b4586d7fdcc&t=2622	st-2622.html
20070307210548	http://forum.azzurra.org:80/showthread.php?s=00f608608331541a22414b4586d7fdcc&t=2623	st-2623.html
20070307051033	http://forum.azzurra.org:80/showthread.php?s=00f608608331541a22414b4586d7fdcc&t=2624	st-2624.html
20070307074722	http://forum.azzurra.org:80/showthread.php?s=00f608608331541a22414b4586d7fdcc&t=2625	st-2625.html
20070307074733	http://forum.azzurra.org:80/showthread.php?s=00f608608331541a22414b4586d7fdcc&t=2626	st-2626.html
20070307051149	http://forum.azzurra.org:80/showthread.php?s=efd400b3927c68158ee3382a57a126e4&t=2634	st-2634.html
20070305122418	http://forum.azzurra.org:80/showthread.php?s=efd400b3927c68158ee3382a57a126e4&t=2663	st-2663.html
20070309110935	http://forum.azzurra.org:80/showthread.php?s=ec9c872bbd81e5113dcc2748ca167e01&t=2811	st-2811.html
20070307051042	http://forum.azzurra.org:80/showthread.php?s=00f608608331541a22414b4586d7fdcc&t=2889	st-2889.html
20070513201302	http://forum.azzurra.org:80/showthread.php?s=af0c48e66119455a7f37eed72deba7e9&mode=hybrid&t=2937	st-2937.html
20070307225744	http://forum.azzurra.org:80/showthread.php?s=efd400b3927c68158ee3382a57a126e4&t=2970	st-2970.html
20070305095230	http://forum.azzurra.org:80/showthread.php?s=00f608608331541a22414b4586d7fdcc&t=2988&goto=nextoldest	st-2988.html
20070307051208	http://forum.azzurra.org:80/showthread.php?s=efd400b3927c68158ee3382a57a126e4&t=3128	st-3128.html
20070221221038	http://forum.azzurra.org:80/showthread.php?s=03eded25aae94c44de36e1cbbdde3399&t=3184	st-3184.html
20070221221047	http://forum.azzurra.org:80/showthread.php?s=03eded25aae94c44de36e1cbbdde3399&t=3190	st-3190.html
20070307074853	http://forum.azzurra.org:80/showthread.php?s=efd400b3927c68158ee3382a57a126e4&t=3212	st-3212.html
20070307051218	http://forum.azzurra.org:80/showthread.php?s=efd400b3927c68158ee3382a57a126e4&t=3243	st-3243.html
20070322114147	http://forum.azzurra.org:80/showthread.php?s=9b988f08c4f043686a958ffea4e08970&t=3332	st-3332.html
20070221221057	http://forum.azzurra.org:80/showthread.php?s=03eded25aae94c44de36e1cbbdde3399&t=3348	st-3348.html
20070306203604	http://forum.azzurra.org:80/showthread.php?s=efd400b3927c68158ee3382a57a126e4&t=3387&goto=nextnewest	st-3387.html
20070322155516	http://forum.azzurra.org:80/showthread.php?s=9b988f08c4f043686a958ffea4e08970&t=3401	st-3401.html
20070509132542	http://forum.azzurra.org:80/showthread.php?s=20f8aeebe3826248a19c4f6362c826e4&t=3437&page=3	st-3437.html
20070317182142	http://forum.azzurra.org:80/showthread.php?s=1e4a43fa181fc4cdf7626ba07b3520a9&t=3447	st-3447.html
20070306195152	http://forum.azzurra.org:80/showthread.php?s=efd400b3927c68158ee3382a57a126e4&t=3452	st-3452.html
20070825201906	http://forum.azzurra.org:80/showthread.php?s=c9279d7839f01152c1383a6616aba167&t=3531	st-3531.html
20070316045008	http://forum.azzurra.org:80/showthread.php?s=b386d24dfe7e52fa928c31031336e090&t=3563	st-3563.html
20070316011239	http://forum.azzurra.org:80/showthread.php?s=b386d24dfe7e52fa928c31031336e090&t=3730	st-3730.html
20070222012116	http://forum.azzurra.org:80/showthread.php?s=1203d5fa8edd4d1fea2d2e0b9e6de8c0&t=3774	st-3774.html
20070228031144	http://forum.azzurra.org:80/showthread.php?s=5223010a763a81bf6d9f1a1c87a0c864&t=3786&goto=nextoldest	st-3786.html
20070305122318	http://forum.azzurra.org:80/showthread.php?s=00f608608331541a22414b4586d7fdcc&t=3909	st-3909.html
20070221221128	http://forum.azzurra.org:80/showthread.php?s=03eded25aae94c44de36e1cbbdde3399&t=3923	st-3923.html
20070304065302	http://forum.azzurra.org:80/showthread.php?s=ec9c872bbd81e5113dcc2748ca167e01&t=4042	st-4042.html
20070305150134	http://forum.azzurra.org:80/showthread.php?s=efd400b3927c68158ee3382a57a126e4&t=4062	st-4062.html
20070221221217	http://forum.azzurra.org:80/showthread.php?s=97fab5b91c1ed0910a2c21c3c608b657&t=4122	st-4122.html
20070303220438	http://forum.azzurra.org:80/showthread.php?s=ec9c872bbd81e5113dcc2748ca167e01&t=4154	st-4154.html
20070316045040	http://forum.azzurra.org:80/showthread.php?s=b386d24dfe7e52fa928c31031336e090&t=4166	st-4166.html
20070307044505	http://forum.azzurra.org:80/showthread.php?s=efd400b3927c68158ee3382a57a126e4&t=4186	st-4186.html
20070223210935	http://forum.azzurra.org:80/showthread.php?s=f31549aa49846a60e054e20cb590eec2&t=4198	st-4198.html
20070307083410	http://forum.azzurra.org:80/showthread.php?s=efd400b3927c68158ee3382a57a126e4&t=4238&goto=nextoldest	st-4238.html
20070517210336	http://forum.azzurra.org:80/showthread.php?mode=hybrid&t=4265	st-4265.html
20070316044649	http://forum.azzurra.org:80/showthread.php?s=1e4a43fa181fc4cdf7626ba07b3520a9&t=4283	st-4283.html
20070316010929	http://forum.azzurra.org:80/showthread.php?s=1e4a43fa181fc4cdf7626ba07b3520a9&t=4284	st-4284.html
20070317182243	http://forum.azzurra.org:80/showthread.php?s=b386d24dfe7e52fa928c31031336e090&t=4308	st-4308.html
20070320222525	http://forum.azzurra.org:80/showthread.php?s=b386d24dfe7e52fa928c31031336e090&t=4318	st-4318.html
20070321093141	http://forum.azzurra.org:80/showthread.php?s=1e4a43fa181fc4cdf7626ba07b3520a9&t=4363	st-4363.html
20070316010942	http://forum.azzurra.org:80/showthread.php?s=1e4a43fa181fc4cdf7626ba07b3520a9&t=4455	st-4455.html
20070316010953	http://forum.azzurra.org:80/showthread.php?s=1e4a43fa181fc4cdf7626ba07b3520a9&t=4459	st-4459.html
20070321093152	http://forum.azzurra.org:80/showthread.php?s=1e4a43fa181fc4cdf7626ba07b3520a9&t=4466	st-4466.html
20070321121208	http://forum.azzurra.org:80/showthread.php?s=1e4a43fa181fc4cdf7626ba07b3520a9&t=4504	st-4504.html
20070321121219	http://forum.azzurra.org:80/showthread.php?s=1e4a43fa181fc4cdf7626ba07b3520a9&t=4508	st-4508.html
20070223210945	http://forum.azzurra.org:80/showthread.php?s=f31549aa49846a60e054e20cb590eec2&t=4510	st-4510.html
20070316011014	http://forum.azzurra.org:80/showthread.php?s=1e4a43fa181fc4cdf7626ba07b3520a9&t=4520	st-4520.html
20070310053905	http://forum.azzurra.org:80/showthread.php?s=c81985960b402cbcb1e3ad7536b72f0f&mode=hybrid&t=4550	st-4550.html
20070303220458	http://forum.azzurra.org:80/showthread.php?s=ec9c872bbd81e5113dcc2748ca167e01&t=4583	st-4583.html
20070307225755	http://forum.azzurra.org:80/showthread.php?s=efd400b3927c68158ee3382a57a126e4&t=4585	st-4585.html
20070307033014	http://forum.azzurra.org:80/showthread.php?s=00f608608331541a22414b4586d7fdcc&mode=hybrid&t=4588	st-4588.html
20070320222436	http://forum.azzurra.org:80/showthread.php?s=1e4a43fa181fc4cdf7626ba07b3520a9&t=4616	st-4616.html
20070321093202	http://forum.azzurra.org:80/showthread.php?s=1e4a43fa181fc4cdf7626ba07b3520a9&t=4655	st-4655.html
20070321022554	http://forum.azzurra.org:80/showthread.php?s=1e4a43fa181fc4cdf7626ba07b3520a9&t=4671	st-4671.html
20070316045120	http://forum.azzurra.org:80/showthread.php?s=b386d24dfe7e52fa928c31031336e090&t=4694	st-4694.html
20070910204353	http://forum.azzurra.org:80/showthread.php?mode=hybrid&t=4698	st-4698.html
20070307033326	http://forum.azzurra.org:80/showthread.php?s=efd400b3927c68158ee3382a57a126e4&t=4723&goto=nextoldest	st-4723.html
20070307225719	http://forum.azzurra.org:80/showthread.php?s=00f608608331541a22414b4586d7fdcc&t=4756	st-4756.html
20070310045403	http://forum.azzurra.org:80/showthread.php?s=943d35a0becef6ee9e5fcc98f9c42a0a&t=4775	st-4775.html
20070310045523	http://forum.azzurra.org:80/showthread.php?s=9e6c5744eefe9238f6006a59f254e07a&t=4784	st-4784.html
20070316011259	http://forum.azzurra.org:80/showthread.php?s=b386d24dfe7e52fa928c31031336e090&t=4786	st-4786.html
20070307051302	http://forum.azzurra.org:80/showthread.php?s=efd400b3927c68158ee3382a57a126e4&t=4802	st-4802.html
20070330223901	http://forum.azzurra.org:80/showthread.php?s=82e0b76b00d9b0c44932d5db2d0dc7d1&mode=hybrid&t=4808	st-4808.html
20070306195238	http://forum.azzurra.org:80/showthread.php?s=efd400b3927c68158ee3382a57a126e4&t=4851	st-4851.html
20070830023336	http://forum.azzurra.org:80/showthread.php?s=f8fd7cd9388d9cc0d8bdb56a3cd7faac&t=4854&page=2	st-4854.html
20070307210610	http://forum.azzurra.org:80/showthread.php?s=efd400b3927c68158ee3382a57a126e4&t=4867	st-4867.html
20070307225806	http://forum.azzurra.org:80/showthread.php?s=efd400b3927c68158ee3382a57a126e4&t=4878	st-4878.html
20070307210623	http://forum.azzurra.org:80/showthread.php?s=efd400b3927c68158ee3382a57a126e4&t=4881	st-4881.html
20070227231358	http://forum.azzurra.org:80/showthread.php?s=b6f283006f76983cf1134719530e3dcd&t=4889	st-4889.html
20070310045622	http://forum.azzurra.org:80/showthread.php?s=ec9c872bbd81e5113dcc2748ca167e01&t=4905	st-4905.html
20070307051313	http://forum.azzurra.org:80/showthread.php?s=efd400b3927c68158ee3382a57a126e4&t=4907	st-4907.html
20070306195253	http://forum.azzurra.org:80/showthread.php?s=efd400b3927c68158ee3382a57a126e4&t=4908	st-4908.html
20070307074943	http://forum.azzurra.org:80/showthread.php?s=efd400b3927c68158ee3382a57a126e4&t=4920	st-4920.html
20070303201406	http://forum.azzurra.org:80/showthread.php?s=ec9c872bbd81e5113dcc2748ca167e01&t=4930	st-4930.html
20070307074953	http://forum.azzurra.org:80/showthread.php?s=efd400b3927c68158ee3382a57a126e4&t=4965	st-4965.html
20070321121229	http://forum.azzurra.org:80/showthread.php?s=1e4a43fa181fc4cdf7626ba07b3520a9&t=4968	st-4968.html
20070330213601	http://forum.azzurra.org:80/showthread.php?s=82e0b76b00d9b0c44932d5db2d0dc7d1&t=4971&goto=nextoldest	st-4971.html
20070307072529	http://forum.azzurra.org:80/showthread.php?s=efd400b3927c68158ee3382a57a126e4&t=4973	st-4973.html
20070310051040	http://forum.azzurra.org:80/showthread.php?s=efd400b3927c68158ee3382a57a126e4&t=4978&page=7	st-4978.html
20070321121811	http://forum.azzurra.org:80/showthread.php?s=1e4a43fa181fc4cdf7626ba07b3520a9&t=4983&page=3	st-4983.html
20070312191313	http://forum.azzurra.org:80/showthread.php?s=4df9ff0ef87f55284faee03b2bde9a3d&t=4996&page=2	st-4996.html
20070305150144	http://forum.azzurra.org:80/showthread.php?s=efd400b3927c68158ee3382a57a126e4&t=5007	st-5007.html
20070307225836	http://forum.azzurra.org:80/showthread.php?s=efd400b3927c68158ee3382a57a126e4&t=5041	st-5041.html
20070307083442	http://forum.azzurra.org:80/showthread.php?s=efd400b3927c68158ee3382a57a126e4&t=5050&goto=nextoldest	st-5050.html
20070222011831	http://forum.azzurra.org:80/showthread.php?s=03eded25aae94c44de36e1cbbdde3399&t=5084	st-5084.html
20070307033348	http://forum.azzurra.org:80/showthread.php?s=efd400b3927c68158ee3382a57a126e4&t=5087&goto=nextoldest	st-5087.html
20070306195304	http://forum.azzurra.org:80/showthread.php?s=efd400b3927c68158ee3382a57a126e4&t=5093	st-5093.html
20070222011840	http://forum.azzurra.org:80/showthread.php?s=03eded25aae94c44de36e1cbbdde3399&t=5113	st-5113.html
20070303220509	http://forum.azzurra.org:80/showthread.php?s=ec9c872bbd81e5113dcc2748ca167e01&t=5135	st-5135.html
20070306195316	http://forum.azzurra.org:80/showthread.php?s=efd400b3927c68158ee3382a57a126e4&t=5185	st-5185.html
20070321063913	http://forum.azzurra.org:80/showthread.php?s=1e4a43fa181fc4cdf7626ba07b3520a9&t=5188	st-5188.html
20070307051353	http://forum.azzurra.org:80/showthread.php?s=efd400b3927c68158ee3382a57a126e4&t=5194	st-5194.html
20070304065132	http://forum.azzurra.org:80/showthread.php?s=9e6c5744eefe9238f6006a59f254e07a&t=5224	st-5224.html
20070304065142	http://forum.azzurra.org:80/showthread.php?s=9e6c5744eefe9238f6006a59f254e07a&t=5229	st-5229.html
20070310045633	http://forum.azzurra.org:80/showthread.php?s=ec9c872bbd81e5113dcc2748ca167e01&t=5260	st-5260.html
20070308010745	http://forum.azzurra.org:80/showthread.php?s=efd400b3927c68158ee3382a57a126e4&t=5271	st-5271.html
20070226225057	http://forum.azzurra.org:80/showthread.php?s=88f1c0b5ca7f3b0c060e4e1b941c677a&t=5280&page=3	st-5280.html
20070310065032	http://forum.azzurra.org:80/showthread.php?s=ec9c872bbd81e5113dcc2748ca167e01&t=5439	st-5439.html
20070306195343	http://forum.azzurra.org:80/showthread.php?s=efd400b3927c68158ee3382a57a126e4&t=5452	st-5452.html
20070309110944	http://forum.azzurra.org:80/showthread.php?s=ec9c872bbd81e5113dcc2748ca167e01&t=5548	st-5548.html
20070307210635	http://forum.azzurra.org:80/showthread.php?s=efd400b3927c68158ee3382a57a126e4&t=5554	st-5554.html
20070307210644	http://forum.azzurra.org:80/showthread.php?s=efd400b3927c68158ee3382a57a126e4&t=5560	st-5560.html
20070310045533	http://forum.azzurra.org:80/showthread.php?s=9e6c5744eefe9238f6006a59f254e07a&t=5602	st-5602.html
20070310012815	http://forum.azzurra.org:80/showthread.php?s=9e6c5744eefe9238f6006a59f254e07a&t=5609	st-5609.html
20070306022144	http://forum.azzurra.org:80/showthread.php?s=efd400b3927c68158ee3382a57a126e4&t=5647	st-5647.html
20070911033739	http://forum.azzurra.org:80/showthread.php?s=5987e71ee064b0637ae7b6ab66cb61f5&t=5653	st-5653.html
20070316045151	http://forum.azzurra.org:80/showthread.php?s=b386d24dfe7e52fa928c31031336e090&t=5723	st-5723.html
20070305122458	http://forum.azzurra.org:80/showthread.php?s=efd400b3927c68158ee3382a57a126e4&t=5754	st-5754.html
20070321062856	http://forum.azzurra.org:80/showthread.php?mode=hybrid&t=5759	st-5759.html
20070310073438	http://forum.azzurra.org:80/showthread.php?s=f95ecff6eccf2b2bf3e4cdfd2a817a78&mode=hybrid&t=5898	st-5898.html
20130820232743	http://forum.azzurra.org:80/showthread.php?s=e86c291545b4d2cb70ec658efafc6273&t=5964	st-5964.html
20070227231408	http://forum.azzurra.org:80/showthread.php?s=b6f283006f76983cf1134719530e3dcd&t=5984	st-5984.html
20070306022153	http://forum.azzurra.org:80/showthread.php?s=efd400b3927c68158ee3382a57a126e4&t=5990	st-5990.html
20070517202541	http://forum.azzurra.org:80/showthread.php?mode=hybrid&t=6049	st-6049.html
20070317182318	http://forum.azzurra.org:80/showthread.php?s=b386d24dfe7e52fa928c31031336e090&t=6127	st-6127.html
20070316045213	http://forum.azzurra.org:80/showthread.php?s=b386d24dfe7e52fa928c31031336e090&t=6136	st-6136.html
20070304040409	http://forum.azzurra.org:80/showthread.php?s=9e6c5744eefe9238f6006a59f254e07a&t=6198&goto=nextnewest	st-6198.html
20070222011935	http://forum.azzurra.org:80/showthread.php?s=03eded25aae94c44de36e1cbbdde3399&t=6242	st-6242.html
20070315232146	http://forum.azzurra.org:80/showthread.php?s=9b988f08c4f043686a958ffea4e08970&t=6304&goto=nextoldest	st-6304.html
20070910203331	http://forum.azzurra.org:80/showthread.php?s=5987e71ee064b0637ae7b6ab66cb61f5&mode=hybrid&t=6383	st-6383.html
20070306022204	http://forum.azzurra.org:80/showthread.php?s=efd400b3927c68158ee3382a57a126e4&t=6431	st-6431.html
20070303220519	http://forum.azzurra.org:80/showthread.php?s=ec9c872bbd81e5113dcc2748ca167e01&t=6445	st-6445.html
20070310065042	http://forum.azzurra.org:80/showthread.php?s=ec9c872bbd81e5113dcc2748ca167e01&t=6726	st-6726.html
20070306022214	http://forum.azzurra.org:80/showthread.php?s=efd400b3927c68158ee3382a57a126e4&t=6737	st-6737.html
20070330223043	http://forum.azzurra.org:80/showthread.php?s=22cc44772d8318fccdd230471663b1cb&mode=hybrid&t=6773	st-6773.html
20070305122328	http://forum.azzurra.org:80/showthread.php?s=00f608608331541a22414b4586d7fdcc&t=6796	st-6796.html
20070310045412	http://forum.azzurra.org:80/showthread.php?s=943d35a0becef6ee9e5fcc98f9c42a0a&t=7006	st-7006.html
20070309110955	http://forum.azzurra.org:80/showthread.php?s=ec9c872bbd81e5113dcc2748ca167e01&t=7055	st-7055.html
20070304065002	http://forum.azzurra.org:80/showthread.php?s=943d35a0becef6ee9e5fcc98f9c42a0a&t=7105	st-7105.html
20070303220530	http://forum.azzurra.org:80/showthread.php?s=ec9c872bbd81e5113dcc2748ca167e01&t=7134	st-7134.html
20070304065322	http://forum.azzurra.org:80/showthread.php?s=ec9c872bbd81e5113dcc2748ca167e01&t=7367	st-7367.html
20070316011403	http://forum.azzurra.org:80/showthread.php?s=b386d24dfe7e52fa928c31031336e090&t=7395	st-7395.html
20070321093238	http://forum.azzurra.org:80/showthread.php?s=b386d24dfe7e52fa928c31031336e090&t=7553	st-7553.html
20070303220540	http://forum.azzurra.org:80/showthread.php?s=ec9c872bbd81e5113dcc2748ca167e01&t=7570	st-7570.html
20070316045224	http://forum.azzurra.org:80/showthread.php?s=b386d24dfe7e52fa928c31031336e090&t=7595	st-7595.html
20070304065022	http://forum.azzurra.org:80/showthread.php?s=943d35a0becef6ee9e5fcc98f9c42a0a&t=7604	st-7604.html
20070306052221	http://forum.azzurra.org:80/showthread.php?s=efd400b3927c68158ee3382a57a126e4&t=8068	st-8068.html
20070317134930	http://forum.azzurra.org:80/showthread.php?s=7703f98c079b0af9fb1070af90f1bb69&t=8163&goto=nextoldest	st-8163.html
20070306052233	http://forum.azzurra.org:80/showthread.php?s=efd400b3927c68158ee3382a57a126e4&t=8263	st-8263.html
20070304074722	http://forum.azzurra.org:80/showthread.php?s=ec9c872bbd81e5113dcc2748ca167e01&t=8277&goto=nextnewest	st-8277.html
20070310073428	http://forum.azzurra.org:80/showthread.php?s=2d6ed8539c79ac946dee2488699a0037&mode=hybrid&t=8293	st-8293.html
20070222012015	http://forum.azzurra.org:80/showthread.php?s=03eded25aae94c44de36e1cbbdde3399&t=8504	st-8504.html
20070307032022	http://forum.azzurra.org:80/showthread.php?s=efd400b3927c68158ee3382a57a126e4&t=8545&page=2	st-8545.html
20070322070930	http://forum.azzurra.org:80/showthread.php?t=866&goto=nextoldest	st-866.html
20160818110949	http://forum.azzurra.org/showthread.php?s=cb7b140df17435b1094cfa816e75d327&t=8895&page=2	st-8895.html
20070312145900	http://forum.azzurra.org:80/showthread.php?s=4df9ff0ef87f55284faee03b2bde9a3d&t=8948&goto=nextoldest	st-8948.html
20070316021141	http://forum.azzurra.org:80/showthread.php?s=31ff945ebc6f077ab257af4fe159ea36&mode=hybrid&t=9093	st-9093.html
20070227022457	http://forum.azzurra.org:80/showthread.php?s=88f1c0b5ca7f3b0c060e4e1b941c677a&t=9156&goto=nextoldest	st-9156.html
20070513212250	http://forum.azzurra.org:80/showthread.php?s=b2d2e6b9c3222ce1a5e9ee61df2646ff&mode=hybrid&t=9185	st-9185.html
20070306052325	http://forum.azzurra.org:80/showthread.php?s=efd400b3927c68158ee3382a57a126e4&t=9200	st-9200.html
20070303214920	http://forum.azzurra.org:80/showthread.php?s=ec9c872bbd81e5113dcc2748ca167e01&t=9235	st-9235.html
20070223045902	http://forum.azzurra.org:80/showthread.php?s=7672c6ae46c9a6cbde839c6cdd90e59a&t=9244&goto=nextoldest	st-9244.html
20070306052334	http://forum.azzurra.org:80/showthread.php?s=efd400b3927c68158ee3382a57a126e4&t=9270	st-9270.html
20070317190415	http://forum.azzurra.org:80/showthread.php?s=b386d24dfe7e52fa928c31031336e090&mode=hybrid&t=9358	st-9358.html
20070306195430	http://forum.azzurra.org:80/showthread.php?s=efd400b3927c68158ee3382a57a126e4&t=9424	st-9424.html
20070317182349	http://forum.azzurra.org:80/showthread.php?s=b386d24dfe7e52fa928c31031336e090&t=9481	st-9481.html
20070306195446	http://forum.azzurra.org:80/showthread.php?s=efd400b3927c68158ee3382a57a126e4&t=9483	st-9483.html
20070222012126	http://forum.azzurra.org:80/showthread.php?s=6d725f88f628a2b13b77547f8dad913a&t=9556	st-9556.html
20070222012157	http://forum.azzurra.org:80/showthread.php?s=6d725f88f628a2b13b77547f8dad913a&t=9632	st-9632.html
20070222012034	http://forum.azzurra.org:80/showthread.php?s=03eded25aae94c44de36e1cbbdde3399&t=9679	st-9679.html
20070306052405	http://forum.azzurra.org:80/showthread.php?s=efd400b3927c68158ee3382a57a126e4&t=9705	st-9705.html
20070310053855	http://forum.azzurra.org:80/showthread.php?s=9e6c5744eefe9238f6006a59f254e07a&mode=hybrid&t=9905	st-9905.html
20070305122358	http://forum.azzurra.org:80/showthread.php?s=00f608608331541a22414b4586d7fdcc&t=9926	st-9926.html
20070303201416	http://forum.azzurra.org:80/showthread.php?s=ec9c872bbd81e5113dcc2748ca167e01&t=9969	st-9969.html
20070307031244	http://forum.azzurra.org:80/showthread.php?s=efd400b3927c68158ee3382a57a126e4&t=9982	st-9982.html
