20070315113746	http://forum.azzurra.org:80/showthread.php?t=13210	st-13210.html
20070322113324	http://forum.azzurra.org:80/showthread.php?t=1983	st-1983.html
20070316014458	http://forum.azzurra.org:80/showthread.php?s=b386d24dfe7e52fa928c31031336e090&t=12432&page=2	st-12432.html
20160817231323	http://forum.azzurra.org/showthread.php?s=31ebd4ca207917b256151794a58f4278&t=12193	st-12193.html
20160817233252	http://forum.azzurra.org/showthread.php?s=cb7b140df17435b1094cfa816e75d327&t=15096	st-15096.html
20090327092855	http://forum.azzurra.org:80/showthread.php?t=13418	st-13418.html
20070518173501	http://forum.azzurra.org:80/showthread.php?s=1c671239710595e2a71cdea4782548ab&t=13999&page=3	st-13999.html
20050215094916	http://forum.azzurra.org:80/showthread.php?t=7013	st-7013.html
20070303203558	http://forum.azzurra.org:80/showthread.php?s=ec9c872bbd81e5113dcc2748ca167e01&t=10826&page=2	st-10826.html
20160819210911	http://forum.azzurra.org/showthread.php?s=b8a861723702b5dae0773e204892fb83&t=13312	st-13312.html
20051228104509	http://forum.azzurra.org:80/showthread.php?t=10809	st-10809.html
20160817213859	http://forum.azzurra.org/showthread.php?s=cb7b140df17435b1094cfa816e75d327&t=14988	st-14988.html
20160819085934	http://forum.azzurra.org/showthread.php?s=cb7b140df17435b1094cfa816e75d327&t=14829	st-14829.html
20160817221755	http://forum.azzurra.org/showthread.php?s=2b0905366121cb3328715eef38f909fb&t=13808&page=2	st-13808.html
20060721200714	http://forum.azzurra.org:80/showthread.php?t=4211	st-4211.html
20160818210209	http://forum.azzurra.org/showthread.php?s=cb7b140df17435b1094cfa816e75d327&t=14867	st-14867.html
20160818204256	http://forum.azzurra.org/showthread.php?s=cb7b140df17435b1094cfa816e75d327&t=10029	st-10029.html
20070312195840	http://forum.azzurra.org:80/showthread.php?t=13889	st-13889.html
20160817214013	http://forum.azzurra.org/showthread.php?s=cb7b140df17435b1094cfa816e75d327&t=15082	st-15082.html
20160818212937	http://forum.azzurra.org/showthread.php?s=95fc12a21ff9bb8aec95d945a762cfca&t=15053	st-15053.html
20160817233837	http://forum.azzurra.org/showthread.php?s=651c2636e9eb8f2c118d862454c6e7c6&t=12795&page=3	st-12795.html
20160818100903	http://forum.azzurra.org/showthread.php?s=95fc12a21ff9bb8aec95d945a762cfca&t=14015&page=2	st-14015.html
20160818091022	http://forum.azzurra.org/showthread.php?s=651c2636e9eb8f2c118d862454c6e7c6&t=14693	st-14693.html
20050219100530	http://forum.azzurra.org:80/showthread.php?t=6052&page=3	st-6052.html
20070312212628	http://forum.azzurra.org:80/showthread.php?t=13638	st-13638.html
20160817232307	http://forum.azzurra.org/showthread.php?s=31ebd4ca207917b256151794a58f4278&t=14953	st-14953.html
20160817235836	http://forum.azzurra.org/showthread.php?s=a592ea1baeed91912adea4da88d5ea29&t=13203	st-13203.html
20070315113815	http://forum.azzurra.org:80/showthread.php?t=14145	st-14145.html
20160818092749	http://forum.azzurra.org/showthread.php?s=cb7b140df17435b1094cfa816e75d327&t=14973	st-14973.html
20160818032147	http://forum.azzurra.org/showthread.php?s=651c2636e9eb8f2c118d862454c6e7c6&t=14902	st-14902.html
20160817203133	http://forum.azzurra.org/showthread.php?s=cb7b140df17435b1094cfa816e75d327&t=5661&page=2	st-5661.html
20070312195729	http://forum.azzurra.org:80/showthread.php?t=9013	st-9013.html
20160817215223	http://forum.azzurra.org/showthread.php?s=cb7b140df17435b1094cfa816e75d327&t=14687	st-14687.html
20160818003048	http://forum.azzurra.org/showthread.php?s=651c2636e9eb8f2c118d862454c6e7c6&t=15047	st-15047.html
20070223210051	http://forum.azzurra.org:80/showthread.php?t=11472	st-11472.html
20160818084504	http://forum.azzurra.org/showthread.php?s=2b0905366121cb3328715eef38f909fb&t=7800	st-7800.html
20160818084937	http://forum.azzurra.org/showthread.php?s=cb7b140df17435b1094cfa816e75d327&t=15039	st-15039.html
20070303010630	http://forum.azzurra.org:80/showthread.php?s=943d35a0becef6ee9e5fcc98f9c42a0a&t=14183	st-14183.html
20160818083640	http://forum.azzurra.org/showthread.php?s=cb7b140df17435b1094cfa816e75d327&t=13618	st-13618.html
20160818091456	http://forum.azzurra.org/showthread.php?s=2b0905366121cb3328715eef38f909fb&t=15085	st-15085.html
20160817203548	http://forum.azzurra.org/showthread.php?s=31ebd4ca207917b256151794a58f4278&t=14273	st-14273.html
20160818004319	http://forum.azzurra.org/showthread.php?s=cb7b140df17435b1094cfa816e75d327&t=14848	st-14848.html
20160818091525	http://forum.azzurra.org/showthread.php?s=31ebd4ca207917b256151794a58f4278&t=15077	st-15077.html
20160819030435	http://forum.azzurra.org/showthread.php?s=a592ea1baeed91912adea4da88d5ea29&t=11182&page=113	st-11182.html
20160819085847	http://forum.azzurra.org/showthread.php?s=cb7b140df17435b1094cfa816e75d327&t=14622	st-14622.html
20160818113014	http://forum.azzurra.org/showthread.php?s=95fc12a21ff9bb8aec95d945a762cfca&t=14528	st-14528.html
20160818092421	http://forum.azzurra.org/showthread.php?s=7604e9c717e4f2324ffebe02572655f5&t=12215	st-12215.html
20070226193443	http://forum.azzurra.org:80/showthread.php?t=10561	st-10561.html
20070322113405	http://forum.azzurra.org:80/showthread.php?t=2695	st-2695.html
20160818013150	http://forum.azzurra.org/showthread.php?s=b8a861723702b5dae0773e204892fb83&t=13309	st-13309.html
20060719132330	http://forum.azzurra.org:80/showthread.php?t=12234	st-12234.html
20160818104921	http://forum.azzurra.org/showthread.php?s=95fc12a21ff9bb8aec95d945a762cfca&t=14787	st-14787.html
20160817235643	http://forum.azzurra.org/showthread.php?s=a592ea1baeed91912adea4da88d5ea29&t=14570	st-14570.html
20160818091247	http://forum.azzurra.org/showthread.php?s=cb7b140df17435b1094cfa816e75d327&t=14746	st-14746.html
20160817234910	http://forum.azzurra.org/showthread.php?s=cb7b140df17435b1094cfa816e75d327&t=14971	st-14971.html
20160818103615	http://forum.azzurra.org/showthread.php?s=95fc12a21ff9bb8aec95d945a762cfca&t=14045	st-14045.html
20160819030221	http://forum.azzurra.org/showthread.php?s=b8a861723702b5dae0773e204892fb83&t=14241&page=2	st-14241.html
20160817234047	http://forum.azzurra.org/showthread.php?s=cb7b140df17435b1094cfa816e75d327&t=14996	st-14996.html
20060509041033	http://forum.azzurra.org:80/showthread.php?t=12560	st-12560.html
20160818102806	http://forum.azzurra.org/showthread.php?s=b8a861723702b5dae0773e204892fb83&t=14759	st-14759.html
20070625123548	http://forum.azzurra.org/showthread.php?t=12049	st-12049.html
20070303234259	http://forum.azzurra.org:80/showthread.php?t=13884	st-13884.html
20160817232524	http://forum.azzurra.org/showthread.php?s=cb7b140df17435b1094cfa816e75d327&t=14984	st-14984.html
20160818120055	http://forum.azzurra.org/showthread.php?s=b8a861723702b5dae0773e204892fb83&t=13164	st-13164.html
20160818000110	http://forum.azzurra.org/showthread.php?s=b8a861723702b5dae0773e204892fb83&t=14576	st-14576.html
20160818110604	http://forum.azzurra.org/showthread.php?s=31ebd4ca207917b256151794a58f4278&t=14926	st-14926.html
20070304034934	http://forum.azzurra.org:80/showthread.php?t=5070	st-5070.html
20070518173815	http://forum.azzurra.org:80/showthread.php?s=614574af3c3c3b2a9786a2aed9da01d7&t=14342&page=2	st-14342.html
20120730142034	http://forum.azzurra.org/showthread.php?t=15136	st-15136.html
20160818004930	http://forum.azzurra.org/showthread.php?s=95fc12a21ff9bb8aec95d945a762cfca&t=14646	st-14646.html
20160818031000	http://forum.azzurra.org/showthread.php?s=cb7b140df17435b1094cfa816e75d327&t=14957	st-14957.html
20160818093226	http://forum.azzurra.org/showthread.php?s=2b0905366121cb3328715eef38f909fb&t=14716&page=3	st-14716.html
20160817214952	http://forum.azzurra.org/showthread.php?s=2b0905366121cb3328715eef38f909fb&t=14916	st-14916.html
20070228201140	http://forum.azzurra.org:80/showthread.php?t=2633	st-2633.html
20160817234612	http://forum.azzurra.org/showthread.php?s=31ebd4ca207917b256151794a58f4278&t=14869	st-14869.html
20160818082557	http://forum.azzurra.org/showthread.php?s=cb7b140df17435b1094cfa816e75d327&t=14815	st-14815.html
20060813132015	http://forum.azzurra.org:80/showthread.php?t=7375	st-7375.html
20160818204854	http://forum.azzurra.org/showthread.php?s=651c2636e9eb8f2c118d862454c6e7c6&t=14992&page=2	st-14992.html
20160818090924	http://forum.azzurra.org/showthread.php?s=cb7b140df17435b1094cfa816e75d327&t=15133	st-15133.html
20160818005152	http://forum.azzurra.org/showthread.php?s=2b0905366121cb3328715eef38f909fb&t=15105	st-15105.html
20160817210625	http://forum.azzurra.org/showthread.php?s=31ebd4ca207917b256151794a58f4278&t=9621	st-9621.html
20160818102405	http://forum.azzurra.org/showthread.php?s=7604e9c717e4f2324ffebe02572655f5&t=12719	st-12719.html
20160818112412	http://forum.azzurra.org/showthread.php?s=cb7b140df17435b1094cfa816e75d327&t=11792&page=9	st-11792.html
20160818015400	http://forum.azzurra.org/showthread.php?s=cb7b140df17435b1094cfa816e75d327&t=13588	st-13588.html
20060615082149	http://forum.azzurra.org:80/showthread.php?t=12907	st-12907.html
20070520212349	http://forum.azzurra.org:80/showthread.php?t=14356	st-14356.html
20070227230155	http://forum.azzurra.org:80/showthread.php?t=3841	st-3841.html
20160818012949	http://forum.azzurra.org/showthread.php?s=7604e9c717e4f2324ffebe02572655f5&t=10720	st-10720.html
20160817230535	http://forum.azzurra.org/showthread.php?s=cb7b140df17435b1094cfa816e75d327&t=15146	st-15146.html
20070525182210	http://forum.azzurra.org:80/showthread.php?t=14199	st-14199.html
20160818020644	http://forum.azzurra.org/showthread.php?s=cb7b140df17435b1094cfa816e75d327&t=13533	st-13533.html
20160818110525	http://forum.azzurra.org/showthread.php?s=2b0905366121cb3328715eef38f909fb&t=14706	st-14706.html
20160818122220	http://forum.azzurra.org/showthread.php?s=2b0905366121cb3328715eef38f909fb&t=13902&page=5	st-13902.html
20160818110247	http://forum.azzurra.org/showthread.php?s=cb7b140df17435b1094cfa816e75d327&t=15153	st-15153.html
20160818003659	http://forum.azzurra.org/showthread.php?s=b8a861723702b5dae0773e204892fb83&t=14917	st-14917.html
20160818115839	http://forum.azzurra.org/showthread.php?s=95fc12a21ff9bb8aec95d945a762cfca&t=14803	st-14803.html
20160817212402	http://forum.azzurra.org/showthread.php?s=2b0905366121cb3328715eef38f909fb&t=14790	st-14790.html
20160817235922	http://forum.azzurra.org/showthread.php?s=95fc12a21ff9bb8aec95d945a762cfca&t=14444	st-14444.html
20070219200304	http://forum.azzurra.org:80/showthread.php?t=42918	st-42918.html
20160818093524	http://forum.azzurra.org/showthread.php?s=cb7b140df17435b1094cfa816e75d327&t=12749	st-12749.html
20160817232452	http://forum.azzurra.org/showthread.php?s=31ebd4ca207917b256151794a58f4278&t=14956	st-14956.html
20160818205814	http://forum.azzurra.org/showthread.php?s=b8a861723702b5dae0773e204892fb83&t=14961&page=3	st-14961.html
20070305185044	http://forum.azzurra.org:80/showthread.php?t=11423	st-11423.html
20160818000619	http://forum.azzurra.org/showthread.php?s=cb7b140df17435b1094cfa816e75d327&t=15101	st-15101.html
20160817230615	http://forum.azzurra.org/showthread.php?s=31ebd4ca207917b256151794a58f4278&t=15078	st-15078.html
20160818101602	http://forum.azzurra.org/showthread.php?s=cb7b140df17435b1094cfa816e75d327&t=14947	st-14947.html
20160818210029	http://forum.azzurra.org/showthread.php?s=b8a861723702b5dae0773e204892fb83&t=14017&page=16	st-14017.html
20160818093556	http://forum.azzurra.org/showthread.php?s=cb7b140df17435b1094cfa816e75d327&t=14963	st-14963.html
20070310060402	http://forum.azzurra.org:80/showthread.php?t=4069&page=2	st-4069.html
20160818212307	http://forum.azzurra.org/showthread.php?s=651c2636e9eb8f2c118d862454c6e7c6&t=14590	st-14590.html
20060515172150	http://forum.azzurra.org/showthread.php?t=2794	st-2794.html
20160817222634	http://forum.azzurra.org/showthread.php?s=2b0905366121cb3328715eef38f909fb&t=14461&page=2	st-14461.html
20160818085043	http://forum.azzurra.org/showthread.php?s=31ebd4ca207917b256151794a58f4278&t=13736	st-13736.html
20070315133745	http://forum.azzurra.org:80/showthread.php?t=13702	st-13702.html
20160818205220	http://forum.azzurra.org/showthread.php?s=31ebd4ca207917b256151794a58f4278&t=12792&page=3	st-12792.html
20070308171546	http://forum.azzurra.org:80/showthread.php?t=14135	st-14135.html
20070301235507	http://forum.azzurra.org:80/showthread.php?t=7952&page=3	st-7952.html
20160817215615	http://forum.azzurra.org/showthread.php?s=cb7b140df17435b1094cfa816e75d327&t=14889	st-14889.html
20160818004847	http://forum.azzurra.org/showthread.php?s=cb7b140df17435b1094cfa816e75d327&t=14874	st-14874.html
20120729223849	http://forum.azzurra.org/showthread.php?t=14353	st-14353.html
20160818210120	http://forum.azzurra.org/showthread.php?s=cb7b140df17435b1094cfa816e75d327&t=15019	st-15019.html
20160818094059	http://forum.azzurra.org/showthread.php?s=2b0905366121cb3328715eef38f909fb&t=15073&page=3	st-15073.html
20160817230555	http://forum.azzurra.org/showthread.php?s=651c2636e9eb8f2c118d862454c6e7c6&t=10805&page=8	st-10805.html
20160817230419	http://forum.azzurra.org/showthread.php?s=31ebd4ca207917b256151794a58f4278&t=14831&page=2	st-14831.html
20070323064223	http://forum.azzurra.org:80/showthread.php?t=12370	st-12370.html
20060426043626	http://forum.azzurra.org:80/showthread.php?t=1556	st-1556.html
20070519013551	http://forum.azzurra.org:80/showthread.php?t=14427&page=2	st-14427.html
20160817224649	http://forum.azzurra.org/showthread.php?s=2b0905366121cb3328715eef38f909fb&t=6665	st-6665.html
20061027075513	http://forum.azzurra.org:80/showthread.php?t=13085	st-13085.html
20070323064337	http://forum.azzurra.org:80/showthread.php?t=14284	st-14284.html
20160817213207	http://forum.azzurra.org/showthread.php?s=cb7b140df17435b1094cfa816e75d327&t=14322	st-14322.html
20060517092419	http://forum.azzurra.org:80/showthread.php?t=10118	st-10118.html
20160621040148	http://forum.azzurra.org/showthread.php?s=474de10a8f2261eac244df1516e5d9ee&t=15087	st-15087.html
20160819210000	http://forum.azzurra.org/showthread.php?s=cb7b140df17435b1094cfa816e75d327&t=12927&page=26	st-12927.html
20160817211340	http://forum.azzurra.org/showthread.php?s=31ebd4ca207917b256151794a58f4278&t=14076	st-14076.html
20090208152501	http://forum.azzurra.org:80/showthread.php?t=181	st-181.html
20160817225619	http://forum.azzurra.org/showthread.php?s=2b0905366121cb3328715eef38f909fb&t=9611&page=2	st-9611.html
20160817220206	http://forum.azzurra.org/showthread.php?s=31ebd4ca207917b256151794a58f4278&t=14126	st-14126.html
20160817212639	http://forum.azzurra.org/showthread.php?s=31ebd4ca207917b256151794a58f4278&t=14892	st-14892.html
20160818001221	http://forum.azzurra.org/showthread.php?s=651c2636e9eb8f2c118d862454c6e7c6&t=14843	st-14843.html
20160817233531	http://forum.azzurra.org/showthread.php?s=cb7b140df17435b1094cfa816e75d327&t=13913	st-13913.html
20160817223103	http://forum.azzurra.org/showthread.php?s=cb7b140df17435b1094cfa816e75d327&t=15154	st-15154.html
20070302211106	http://forum.azzurra.org:80/showthread.php?t=9039	st-9039.html
20070306193907	http://forum.azzurra.org:80/showthread.php?t=12672	st-12672.html
20070911113407	http://forum.azzurra.org:80/showthread.php?s=4e7caa4c7d415475e528a11d533f0870&t=9089&page=2	st-9089.html
20160818092824	http://forum.azzurra.org/showthread.php?s=2b0905366121cb3328715eef38f909fb&t=13641&page=3	st-13641.html
20160818093442	http://forum.azzurra.org/showthread.php?s=cb7b140df17435b1094cfa816e75d327&t=14966	st-14966.html
20160817230426	http://forum.azzurra.org/showthread.php?s=b8a861723702b5dae0773e204892fb83&t=15013	st-15013.html
20070310041738	http://forum.azzurra.org:80/showthread.php?t=10420&page=5	st-10420.html
20160817221344	http://forum.azzurra.org/showthread.php?s=cb7b140df17435b1094cfa816e75d327&t=10001	st-10001.html
20160818000015	http://forum.azzurra.org/showthread.php?s=651c2636e9eb8f2c118d862454c6e7c6&t=14702	st-14702.html
20160818092533	http://forum.azzurra.org/showthread.php?s=b8a861723702b5dae0773e204892fb83&t=14821&page=2	st-14821.html
20060822035642	http://forum.azzurra.org:80/showthread.php?t=12987	st-12987.html
20070518075626	http://forum.azzurra.org:80/showthread.php?s=1c671239710595e2a71cdea4782548ab&t=14275&page=2	st-14275.html
20160817204923	http://forum.azzurra.org/showthread.php?s=2b0905366121cb3328715eef38f909fb&t=14691	st-14691.html
20160817232310	http://forum.azzurra.org/showthread.php?s=cb7b140df17435b1094cfa816e75d327&t=15117	st-15117.html
20160818212659	http://forum.azzurra.org/showthread.php?s=651c2636e9eb8f2c118d862454c6e7c6&t=14609	st-14609.html
20160818031231	http://forum.azzurra.org/showthread.php?s=cb7b140df17435b1094cfa816e75d327&t=15123	st-15123.html
20070315113734	http://forum.azzurra.org:80/showthread.php?t=12216	st-12216.html
20160819211505	http://forum.azzurra.org/showthread.php?s=cb7b140df17435b1094cfa816e75d327&t=7869&page=3	st-7869.html
20070307051404	http://forum.azzurra.org:80/showthread.php?s=efd400b3927c68158ee3382a57a126e4&t=5772	st-5772.html
20160818020230	http://forum.azzurra.org/showthread.php?s=a592ea1baeed91912adea4da88d5ea29&t=14488	st-14488.html
20160817235622	http://forum.azzurra.org/showthread.php?s=b8a861723702b5dae0773e204892fb83&t=15002	st-15002.html
20160818095602	http://forum.azzurra.org/showthread.php?s=7604e9c717e4f2324ffebe02572655f5&t=9954	st-9954.html
20120725142259	http://forum.azzurra.org/showthread.php?t=5699	st-5699.html
20160817205047	http://forum.azzurra.org/showthread.php?s=cb7b140df17435b1094cfa816e75d327&t=14033	st-14033.html
20160818105117	http://forum.azzurra.org/showthread.php?s=cb7b140df17435b1094cfa816e75d327&t=15086	st-15086.html
20060515173834	http://forum.azzurra.org/showthread.php?t=1265	st-1265.html
20160817223906	http://forum.azzurra.org/showthread.php?s=31ebd4ca207917b256151794a58f4278&t=15150	st-15150.html
20120724211812	http://forum.azzurra.org/showthread.php?t=14686	st-14686.html
20070325061245	http://forum.azzurra.org:80/showthread.php?t=3601	st-3601.html
20160819031659	http://forum.azzurra.org/showthread.php?s=b8a861723702b5dae0773e204892fb83&t=15035	st-15035.html
20160818032832	http://forum.azzurra.org/showthread.php?s=cb7b140df17435b1094cfa816e75d327&t=14775	st-14775.html
20160818005129	http://forum.azzurra.org/showthread.php?s=cb7b140df17435b1094cfa816e75d327&t=15060	st-15060.html
20160818083845	http://forum.azzurra.org/showthread.php?s=31ebd4ca207917b256151794a58f4278&t=13756	st-13756.html
20060628032711	http://forum.azzurra.org:80/showthread.php?t=8921	st-8921.html
20070303215050	http://forum.azzurra.org:80/showthread.php?t=12687	st-12687.html
20060719132341	http://forum.azzurra.org:80/showthread.php?t=12235	st-12235.html
20070308152859	http://forum.azzurra.org:80/showthread.php?t=14118	st-14118.html
20160818112355	http://forum.azzurra.org/showthread.php?s=cb7b140df17435b1094cfa816e75d327&t=14968	st-14968.html
20080505085615	http://forum.azzurra.org:80/showthread.php?t=6016	st-6016.html
20160818014834	http://forum.azzurra.org/showthread.php?s=cb7b140df17435b1094cfa816e75d327&t=13587	st-13587.html
20070222011001	http://forum.azzurra.org:80/showthread.php?t=11547	st-11547.html
20160818111259	http://forum.azzurra.org/showthread.php?s=2b0905366121cb3328715eef38f909fb&t=9234&page=2	st-9234.html
20050514194149	http://forum.azzurra.org:80/showthread.php?t=4995	st-4995.html
20160818085914	http://forum.azzurra.org/showthread.php?s=651c2636e9eb8f2c118d862454c6e7c6&t=13671	st-13671.html
20070310140901	http://forum.azzurra.org:80/showthread.php?t=11850&page=2	st-11850.html
20070227230312	http://forum.azzurra.org:80/showthread.php?t=13815	st-13815.html
20070321021459	http://forum.azzurra.org:80/showthread.php?t=14104&page=6	st-14104.html
20070317175459	http://forum.azzurra.org:80/showthread.php?t=10427	st-10427.html
20160818084116	http://forum.azzurra.org/showthread.php?s=cb7b140df17435b1094cfa816e75d327&t=15116	st-15116.html
20160818003355	http://forum.azzurra.org/showthread.php?s=95fc12a21ff9bb8aec95d945a762cfca&t=12883	st-12883.html
20070307224823	http://forum.azzurra.org:80/showthread.php?t=14256	st-14256.html
20070222070905	http://forum.azzurra.org:80/showthread.php?t=10459	st-10459.html
20160818205638	http://forum.azzurra.org/showthread.php?s=651c2636e9eb8f2c118d862454c6e7c6&t=15021	st-15021.html
20070301002413	http://forum.azzurra.org:80/showthread.php?t=13549	st-13549.html
20050514194209	http://forum.azzurra.org:80/showthread.php?t=7268	st-7268.html
20070303230516	http://forum.azzurra.org:80/showthread.php?t=10437	st-10437.html
20070315113544	http://forum.azzurra.org:80/showthread.php?t=6866	st-6866.html
20160818032752	http://forum.azzurra.org/showthread.php?s=95fc12a21ff9bb8aec95d945a762cfca&t=14919	st-14919.html
20070901013403	http://forum.azzurra.org:80/showthread.php?s=d468d78d755ddf3da28b6ce000234c1b&t=8210&page=67	st-8210.html
20160817204351	http://forum.azzurra.org/showthread.php?s=2b0905366121cb3328715eef38f909fb&t=14909	st-14909.html
20160818085711	http://forum.azzurra.org/showthread.php?s=95fc12a21ff9bb8aec95d945a762cfca&t=14255	st-14255.html
20160817232556	http://forum.azzurra.org/showthread.php?s=b8a861723702b5dae0773e204892fb83&t=14839	st-14839.html
20070706070401	http://forum.azzurra.org:80/showthread.php?t=14513	st-14513.html
20160818105053	http://forum.azzurra.org/showthread.php?s=2b0905366121cb3328715eef38f909fb&t=15157	st-15157.html
20160817224718	http://forum.azzurra.org/showthread.php?s=cb7b140df17435b1094cfa816e75d327&t=14359	st-14359.html
20070323194304	http://forum.azzurra.org:80/showthread.php?t=3311	st-3311.html
20160818085522	http://forum.azzurra.org/showthread.php?s=7604e9c717e4f2324ffebe02572655f5&t=12542	st-12542.html
20160819031837	http://forum.azzurra.org/showthread.php?s=7604e9c717e4f2324ffebe02572655f5&t=14864	st-14864.html
20070303234339	http://forum.azzurra.org:80/showthread.php?t=14244	st-14244.html
20160818094543	http://forum.azzurra.org/showthread.php?s=a592ea1baeed91912adea4da88d5ea29&t=13841&page=2	st-13841.html
20160819211122	http://forum.azzurra.org/showthread.php?s=cb7b140df17435b1094cfa816e75d327&t=14808&page=2	st-14808.html
20050216100503	http://forum.azzurra.org:80/showthread.php?t=6904	st-6904.html
20070312212643	http://forum.azzurra.org:80/showthread.php?t=12118	st-12118.html
20070305184957	http://forum.azzurra.org:80/showthread.php?t=6155	st-6155.html
20160818111755	http://forum.azzurra.org/showthread.php?s=95fc12a21ff9bb8aec95d945a762cfca&t=14668	st-14668.html
20120730164000	http://forum.azzurra.org/showthread.php?t=14955	st-14955.html
20160818001701	http://forum.azzurra.org/showthread.php?s=cb7b140df17435b1094cfa816e75d327&t=15026	st-15026.html
20160818092919	http://forum.azzurra.org/showthread.php?s=2b0905366121cb3328715eef38f909fb&t=14806	st-14806.html
20160817231831	http://forum.azzurra.org/showthread.php?s=2b0905366121cb3328715eef38f909fb&t=6015	st-6015.html
20160817202717	http://forum.azzurra.org/showthread.php?s=b8a861723702b5dae0773e204892fb83&t=15033	st-15033.html
20160818111050	http://forum.azzurra.org/showthread.php?s=cb7b140df17435b1094cfa816e75d327&t=15022	st-15022.html
20070321020744	http://forum.azzurra.org:80/showthread.php?t=12643	st-12643.html
20160817203358	http://forum.azzurra.org/showthread.php?s=b8a861723702b5dae0773e204892fb83&t=14894	st-14894.html
20160817232758	http://forum.azzurra.org/showthread.php?s=cb7b140df17435b1094cfa816e75d327&t=14952	st-14952.html
20160818120157	http://forum.azzurra.org/showthread.php?s=cb7b140df17435b1094cfa816e75d327&t=13589	st-13589.html
20070305185054	http://forum.azzurra.org:80/showthread.php?t=12358	st-12358.html
20160818105552	http://forum.azzurra.org/showthread.php?s=a592ea1baeed91912adea4da88d5ea29&t=14355	st-14355.html
20070305030416	http://forum.azzurra.org:80/showthread.php?t=9900	st-9900.html
20160817211636	http://forum.azzurra.org/showthread.php?s=2b0905366121cb3328715eef38f909fb&t=13942	st-13942.html
20160818091139	http://forum.azzurra.org/showthread.php?s=2b0905366121cb3328715eef38f909fb&t=15128	st-15128.html
20160817214433	http://forum.azzurra.org/showthread.php?s=2b0905366121cb3328715eef38f909fb&t=12515	st-12515.html
20160819211242	http://forum.azzurra.org/showthread.php?s=cb7b140df17435b1094cfa816e75d327&t=14868	st-14868.html
20160818093103	http://forum.azzurra.org/showthread.php?s=cb7b140df17435b1094cfa816e75d327&t=14976	st-14976.html
20160818001513	http://forum.azzurra.org/showthread.php?s=b8a861723702b5dae0773e204892fb83&t=15088	st-15088.html
20070314091413	http://forum.azzurra.org:80/showthread.php?t=2829&page=2	st-2829.html
20070301180841	http://forum.azzurra.org:80/showthread.php?t=13298	st-13298.html
20160818113757	http://forum.azzurra.org/showthread.php?s=95fc12a21ff9bb8aec95d945a762cfca&t=15054	st-15054.html
20160818111825	http://forum.azzurra.org/showthread.php?s=cb7b140df17435b1094cfa816e75d327&t=15158	st-15158.html
20051119154058	http://forum.azzurra.org:80/showthread.php?t=9268	st-9268.html
20160818091351	http://forum.azzurra.org/showthread.php?s=31ebd4ca207917b256151794a58f4278&t=14330	st-14330.html
20160818205531	http://forum.azzurra.org/showthread.php?s=b8a861723702b5dae0773e204892fb83&t=9049	st-9049.html
20160818110602	http://forum.azzurra.org/showthread.php?s=95fc12a21ff9bb8aec95d945a762cfca&t=14744	st-14744.html
20060515173504	http://forum.azzurra.org/showthread.php?t=1037	st-1037.html
20070316042050	http://forum.azzurra.org:80/showthread.php?t=12591	st-12591.html
20160818092831	http://forum.azzurra.org/showthread.php?s=2b0905366121cb3328715eef38f909fb&t=14910	st-14910.html
20160818095228	http://forum.azzurra.org/showthread.php?s=a592ea1baeed91912adea4da88d5ea29&t=14518	st-14518.html
20070227074638	http://forum.azzurra.org:80/showthread.php?t=9061	st-9061.html
20160818095712	http://forum.azzurra.org/showthread.php?s=95fc12a21ff9bb8aec95d945a762cfca&t=15031	st-15031.html
20160817223712	http://forum.azzurra.org/showthread.php?s=2b0905366121cb3328715eef38f909fb&t=14431	st-14431.html
20160818022812	http://forum.azzurra.org/showthread.php?s=7604e9c717e4f2324ffebe02572655f5&t=14122	st-14122.html
20160817234857	http://forum.azzurra.org/showthread.php?s=31ebd4ca207917b256151794a58f4278&t=13944	st-13944.html
20070906032837	http://forum.azzurra.org:80/showthread.php?s=5b13b3849cfec66a8a60504074615df0&t=12593	st-12593.html
20160817230231	http://forum.azzurra.org/showthread.php?s=cb7b140df17435b1094cfa816e75d327&t=15149	st-15149.html
20160818094110	http://forum.azzurra.org/showthread.php?s=a592ea1baeed91912adea4da88d5ea29&t=13352	st-13352.html
20160818094511	http://forum.azzurra.org/showthread.php?s=95fc12a21ff9bb8aec95d945a762cfca&t=8861	st-8861.html
20160818083804	http://forum.azzurra.org/showthread.php?s=2b0905366121cb3328715eef38f909fb&t=14370&page=2	st-14370.html
20070301183601	http://forum.azzurra.org:80/showthread.php?t=13191	st-13191.html
20160818094404	http://forum.azzurra.org/showthread.php?s=2b0905366121cb3328715eef38f909fb&t=12535&page=2	st-12535.html
20160818211435	http://forum.azzurra.org/showthread.php?s=31ebd4ca207917b256151794a58f4278&t=14881	st-14881.html
20061116013446	http://forum.azzurra.org:80/showthread.php?t=9022	st-9022.html
20160817230716	http://forum.azzurra.org/showthread.php?s=cb7b140df17435b1094cfa816e75d327&t=1726&page=3	st-1726.html
20160818000516	http://forum.azzurra.org/showthread.php?s=b8a861723702b5dae0773e204892fb83&t=15147	st-15147.html
20070518085001	http://forum.azzurra.org:80/showthread.php?s=1c671239710595e2a71cdea4782548ab&t=13258&page=2	st-13258.html
20070506064742	http://forum.azzurra.org:80/showthread.php?t=14084	st-14084.html
20051016185500	http://forum.azzurra.org:80/showthread.php?t=1486	st-1486.html
20160817233135	http://forum.azzurra.org/showthread.php?s=31ebd4ca207917b256151794a58f4278&t=12484&page=2	st-12484.html
20160817203349	http://forum.azzurra.org/showthread.php?s=31ebd4ca207917b256151794a58f4278&t=14247	st-14247.html
20060621050351	http://forum.azzurra.org:80/showthread.php?t=11635	st-11635.html
20160817232706	http://forum.azzurra.org/showthread.php?s=2b0905366121cb3328715eef38f909fb&t=13995	st-13995.html
20070303234309	http://forum.azzurra.org:80/showthread.php?t=14064	st-14064.html
20160818092212	http://forum.azzurra.org/showthread.php?s=651c2636e9eb8f2c118d862454c6e7c6&t=13382&page=2	st-13382.html
20070330213016	http://forum.azzurra.org:80/showthread.php?t=3607	st-3607.html
20070315113645	http://forum.azzurra.org:80/showthread.php?t=9768	st-9768.html
20160817220735	http://forum.azzurra.org/showthread.php?s=cb7b140df17435b1094cfa816e75d327&t=14915	st-14915.html
20051016190828	http://forum.azzurra.org:80/showthread.php?t=10004	st-10004.html
20051228221823	http://forum.azzurra.org:80/showthread.php?t=10272	st-10272.html
20070326063242	http://forum.azzurra.org:80/showthread.php?t=2068	st-2068.html
20160818211155	http://forum.azzurra.org/showthread.php?s=31ebd4ca207917b256151794a58f4278&t=12789	st-12789.html
20160818003805	http://forum.azzurra.org/showthread.php?s=a592ea1baeed91912adea4da88d5ea29&t=14604	st-14604.html
20070307045220	http://forum.azzurra.org:80/showthread.php?t=11946	st-11946.html
20070305030306	http://forum.azzurra.org:80/showthread.php?t=3307	st-3307.html
20070302210613	http://forum.azzurra.org:80/showthread.php?t=6293	st-6293.html
20160817231206	http://forum.azzurra.org/showthread.php?s=2b0905366121cb3328715eef38f909fb&t=14114	st-14114.html
20070830023518	http://forum.azzurra.org:80/showthread.php?s=f8fd7cd9388d9cc0d8bdb56a3cd7faac&t=14162&page=2	st-14162.html
20160818205442	http://forum.azzurra.org/showthread.php?s=95fc12a21ff9bb8aec95d945a762cfca&t=15141	st-15141.html
20060515174218	http://forum.azzurra.org/showthread.php?t=8539	st-8539.html
20160818095858	http://forum.azzurra.org/showthread.php?s=95fc12a21ff9bb8aec95d945a762cfca&t=14149	st-14149.html
20050422075158	http://forum.azzurra.org:80/showthread.php?t=7486	st-7486.html
20160818022640	http://forum.azzurra.org/showthread.php?s=a592ea1baeed91912adea4da88d5ea29&t=14954	st-14954.html
20160817211933	http://forum.azzurra.org/showthread.php?s=31ebd4ca207917b256151794a58f4278&t=14958	st-14958.html
20160818003425	http://forum.azzurra.org/showthread.php?s=7604e9c717e4f2324ffebe02572655f5&t=11610	st-11610.html
20160817225525	http://forum.azzurra.org/showthread.php?s=cb7b140df17435b1094cfa816e75d327&t=13843	st-13843.html
20070312213003	http://forum.azzurra.org:80/showthread.php?t=13205&page=2	st-13205.html
20070326063352	http://forum.azzurra.org:80/showthread.php?t=11933	st-11933.html
20070317063004	http://forum.azzurra.org:80/showthread.php?t=13377	st-13377.html
20070513212046	http://forum.azzurra.org:80/showthread.php?s=b2d2e6b9c3222ce1a5e9ee61df2646ff&t=13117&page=6	st-13117.html
20070305184836	http://forum.azzurra.org:80/showthread.php?t=2796	st-2796.html
20070305184937	http://forum.azzurra.org:80/showthread.php?t=5801	st-5801.html
20070317090324	http://forum.azzurra.org:80/showthread.php?t=7848	st-7848.html
20060517092511	http://forum.azzurra.org:80/showthread.php?t=11816	st-11816.html
20070301180729	http://forum.azzurra.org:80/showthread.php?t=8196	st-8196.html
20160817235627	http://forum.azzurra.org/showthread.php?s=651c2636e9eb8f2c118d862454c6e7c6&t=12382	st-12382.html
20070228201302	http://forum.azzurra.org:80/showthread.php?t=2827	st-2827.html
20070314072741	http://forum.azzurra.org:80/showthread.php?t=5137	st-5137.html
20050224095524	http://forum.azzurra.org:80/showthread.php?t=7311	st-7311.html
20160818095517	http://forum.azzurra.org/showthread.php?s=31ebd4ca207917b256151794a58f4278&t=9024&page=2	st-9024.html
20060515174456	http://forum.azzurra.org/showthread.php?t=6942	st-6942.html
20070323172912	http://forum.azzurra.org:80/showthread.php?t=7313	st-7313.html
20160817225501	http://forum.azzurra.org/showthread.php?s=2b0905366121cb3328715eef38f909fb&t=14771	st-14771.html
20160819031526	http://forum.azzurra.org/showthread.php?s=31ebd4ca207917b256151794a58f4278&t=7854&page=1158	st-7854.html
20070322113507	http://forum.azzurra.org:80/showthread.php?t=4845&page=4	st-4845.html
20160818122548	http://forum.azzurra.org/showthread.php?s=cb7b140df17435b1094cfa816e75d327&t=14726	st-14726.html
20070228201250	http://forum.azzurra.org:80/showthread.php?t=1652	st-1652.html
20070305122832	http://forum.azzurra.org:80/showthread.php?s=efd400b3927c68158ee3382a57a126e4&t=13513	st-13513.html
20160818114338	http://forum.azzurra.org/showthread.php?s=2b0905366121cb3328715eef38f909fb&t=14652	st-14652.html
20070819120201	http://forum.azzurra.org:80/showthread.php?t=13243	st-13243.html
20160817210422	http://forum.azzurra.org/showthread.php?s=31ebd4ca207917b256151794a58f4278&t=13401	st-13401.html
20050514194153	http://forum.azzurra.org:80/showthread.php?t=5410	st-5410.html
20160818204954	http://forum.azzurra.org/showthread.php?s=31ebd4ca207917b256151794a58f4278&t=14816	st-14816.html
20070315222146	http://forum.azzurra.org:80/showthread.php?t=2374	st-2374.html
20160818115519	http://forum.azzurra.org/showthread.php?s=cb7b140df17435b1094cfa816e75d327&t=14800&page=3	st-14800.html
20160818005254	http://forum.azzurra.org/showthread.php?s=95fc12a21ff9bb8aec95d945a762cfca&t=13621	st-13621.html
20070312185036	http://forum.azzurra.org:80/showthread.php?t=13673	st-13673.html
20160818114243	http://forum.azzurra.org/showthread.php?s=cb7b140df17435b1094cfa816e75d327&t=6099	st-6099.html
20160818001053	http://forum.azzurra.org/showthread.php?s=cb7b140df17435b1094cfa816e75d327&t=15018	st-15018.html
20070304061157	http://forum.azzurra.org:80/showthread.php?t=4228	st-4228.html
20160817223605	http://forum.azzurra.org/showthread.php?s=cb7b140df17435b1094cfa816e75d327&t=13058	st-13058.html
20160818094056	http://forum.azzurra.org/showthread.php?s=a592ea1baeed91912adea4da88d5ea29&t=11575	st-11575.html
20160817233812	http://forum.azzurra.org/showthread.php?s=cb7b140df17435b1094cfa816e75d327&t=14055	st-14055.html
20160817233008	http://forum.azzurra.org/showthread.php?s=cb7b140df17435b1094cfa816e75d327&t=15118	st-15118.html
20070315113524	http://forum.azzurra.org:80/showthread.php?t=5541	st-5541.html
20160818084451	http://forum.azzurra.org/showthread.php?s=b8a861723702b5dae0773e204892fb83&t=6759&page=3	st-6759.html
20160818002524	http://forum.azzurra.org/showthread.php?s=cb7b140df17435b1094cfa816e75d327&t=14618	st-14618.html
20070518043738	http://forum.azzurra.org:80/showthread.php?t=14313	st-14313.html
20160819085904	http://forum.azzurra.org/showthread.php?s=31ebd4ca207917b256151794a58f4278&t=14527	st-14527.html
20160818083831	http://forum.azzurra.org/showthread.php?s=31ebd4ca207917b256151794a58f4278&t=14406	st-14406.html
20160818091128	http://forum.azzurra.org/showthread.php?s=b8a861723702b5dae0773e204892fb83&t=14905	st-14905.html
20160818210948	http://forum.azzurra.org/showthread.php?s=cb7b140df17435b1094cfa816e75d327&t=14900&page=2	st-14900.html
20160818094051	http://forum.azzurra.org/showthread.php?s=cb7b140df17435b1094cfa816e75d327&t=15162	st-15162.html
20160818112042	http://forum.azzurra.org/showthread.php?s=b8a861723702b5dae0773e204892fb83&t=14402	st-14402.html
20160818020514	http://forum.azzurra.org/showthread.php?s=95fc12a21ff9bb8aec95d945a762cfca&t=12742&page=2	st-12742.html
20070303195757	http://forum.azzurra.org:80/showthread.php?t=9037	st-9037.html
20070322113416	http://forum.azzurra.org:80/showthread.php?t=6941	st-6941.html
20070305185008	http://forum.azzurra.org:80/showthread.php?t=7049	st-7049.html
20070307045244	http://forum.azzurra.org:80/showthread.php?t=14140	st-14140.html
20160818095643	http://forum.azzurra.org/showthread.php?s=2b0905366121cb3328715eef38f909fb&t=14986	st-14986.html
20070517003937	http://forum.azzurra.org:80/showthread.php?t=14425	st-14425.html
20160819025057	http://forum.azzurra.org/showthread.php?s=cb7b140df17435b1094cfa816e75d327&t=15000	st-15000.html
20160817233817	http://forum.azzurra.org/showthread.php?s=31ebd4ca207917b256151794a58f4278&t=14600	st-14600.html
20160818095319	http://forum.azzurra.org/showthread.php?s=cb7b140df17435b1094cfa816e75d327&t=14975	st-14975.html
20160817230315	http://forum.azzurra.org/showthread.php?s=31ebd4ca207917b256151794a58f4278&t=14181	st-14181.html
20070306224032	http://forum.azzurra.org:80/showthread.php?t=14272	st-14272.html
20160817211952	http://forum.azzurra.org/showthread.php?s=31ebd4ca207917b256151794a58f4278&t=12479	st-12479.html
20090310173609	http://forum.azzurra.org:80/showthread.php?t=3271	st-3271.html
20160818091622	http://forum.azzurra.org/showthread.php?s=cb7b140df17435b1094cfa816e75d327&t=15076	st-15076.html
20160819031243	http://forum.azzurra.org/showthread.php?s=cb7b140df17435b1094cfa816e75d327&t=15139	st-15139.html
20160818115902	http://forum.azzurra.org/showthread.php?s=cb7b140df17435b1094cfa816e75d327&t=14794	st-14794.html
20050801080512	http://forum.azzurra.org:80/showthread.php?t=8822	st-8822.html
20160819211228	http://forum.azzurra.org/showthread.php?s=b8a861723702b5dae0773e204892fb83&t=14096	st-14096.html
20050416212332	http://forum.azzurra.org:80/showthread.php?t=4653	st-4653.html
20060515173820	http://forum.azzurra.org/showthread.php?t=5288	st-5288.html
20070520080606	http://forum.azzurra.org:80/showthread.php?s=f392f3cffa50455a496e8e89e8d59626&t=10487&page=15	st-10487.html
20070303230352	http://forum.azzurra.org:80/showthread.php?t=9620	st-9620.html
20160818004746	http://forum.azzurra.org/showthread.php?s=31ebd4ca207917b256151794a58f4278&t=11053	st-11053.html
20070315113443	http://forum.azzurra.org:80/showthread.php?t=5532	st-5532.html
20160818025140	http://forum.azzurra.org/showthread.php?s=cb7b140df17435b1094cfa816e75d327&t=14708	st-14708.html
20160818204910	http://forum.azzurra.org/showthread.php?s=2b0905366121cb3328715eef38f909fb&t=14630	st-14630.html
20070312195751	http://forum.azzurra.org:80/showthread.php?t=8644	st-8644.html
20120730140849	http://forum.azzurra.org/showthread.php?t=14193	st-14193.html
20070311022149	http://forum.azzurra.org:80/showthread.php?t=4223	st-4223.html
20160819210553	http://forum.azzurra.org/showthread.php?s=cb7b140df17435b1094cfa816e75d327&t=12169&page=3	st-12169.html
20080914174301	http://forum.azzurra.org:80/showthread.php?t=13541&page=2	st-13541.html
20160818031454	http://forum.azzurra.org/showthread.php?s=cb7b140df17435b1094cfa816e75d327&t=15040	st-15040.html
20160818091049	http://forum.azzurra.org/showthread.php?s=a592ea1baeed91912adea4da88d5ea29&t=14824	st-14824.html
20070312195739	http://forum.azzurra.org:80/showthread.php?t=13792	st-13792.html
20160819085632	http://forum.azzurra.org/showthread.php?s=cb7b140df17435b1094cfa816e75d327&t=13178&page=3	st-13178.html
20070330215029	http://forum.azzurra.org:80/showthread.php?t=5024	st-5024.html
20050521012522	http://forum.azzurra.org:80/showthread.php?t=7668	st-7668.html
20160817234825	http://forum.azzurra.org/showthread.php?s=cb7b140df17435b1094cfa816e75d327&t=15100	st-15100.html
20160819025643	http://forum.azzurra.org/showthread.php?s=7604e9c717e4f2324ffebe02572655f5&t=14888	st-14888.html
20160818084328	http://forum.azzurra.org/showthread.php?s=b8a861723702b5dae0773e204892fb83&t=13389	st-13389.html
20160817213836	http://forum.azzurra.org/showthread.php?s=cb7b140df17435b1094cfa816e75d327&t=14873	st-14873.html
20160817211358	http://forum.azzurra.org/showthread.php?s=31ebd4ca207917b256151794a58f4278&t=14616	st-14616.html
20160817225417	http://forum.azzurra.org/showthread.php?s=cb7b140df17435b1094cfa816e75d327&t=15121	st-15121.html
20070303230523	http://forum.azzurra.org:80/showthread.php?t=11214	st-11214.html
20070301101938	http://forum.azzurra.org:80/showthread.php?t=12401	st-12401.html
20160818084537	http://forum.azzurra.org/showthread.php?s=cb7b140df17435b1094cfa816e75d327&t=14969	st-14969.html
20070301180831	http://forum.azzurra.org:80/showthread.php?t=13189	st-13189.html
20160819210101	http://forum.azzurra.org/showthread.php?s=95fc12a21ff9bb8aec95d945a762cfca&t=12536	st-12536.html
20050119100313	http://forum.azzurra.org:80/showthread.php?t=6592	st-6592.html
20160817214443	http://forum.azzurra.org/showthread.php?s=2b0905366121cb3328715eef38f909fb&t=15159	st-15159.html
20070302051517	http://forum.azzurra.org:80/showthread.php?s=b6f283006f76983cf1134719530e3dcd&t=4939&page=3	st-4939.html
20070519044801	http://forum.azzurra.org:80/showthread.php?s=f4ffe6c54ee581e54a986a26fb3b6e88&t=14443&page=3	st-14443.html
20160817231107	http://forum.azzurra.org/showthread.php?s=2b0905366121cb3328715eef38f909fb&t=13866	st-13866.html
20160818110617	http://forum.azzurra.org/showthread.php?s=31ebd4ca207917b256151794a58f4278&t=12407	st-12407.html
20160817230507	http://forum.azzurra.org/showthread.php?s=2b0905366121cb3328715eef38f909fb&t=12452&page=2	st-12452.html
20160817204258	http://forum.azzurra.org/showthread.php?s=cb7b140df17435b1094cfa816e75d327&t=14918	st-14918.html
20160818083747	http://forum.azzurra.org/showthread.php?s=2b0905366121cb3328715eef38f909fb&t=13971	st-13971.html
20160818212924	http://forum.azzurra.org/showthread.php?s=cb7b140df17435b1094cfa816e75d327&t=15034	st-15034.html
20070312212704	http://forum.azzurra.org:80/showthread.php?t=13957	st-13957.html
20160817222452	http://forum.azzurra.org/showthread.php?s=cb7b140df17435b1094cfa816e75d327&t=15014	st-15014.html
20160817215542	http://forum.azzurra.org/showthread.php?s=cb7b140df17435b1094cfa816e75d327&t=13119	st-13119.html
20160817204453	http://forum.azzurra.org/showthread.php?s=2b0905366121cb3328715eef38f909fb&t=15050	st-15050.html
20160818111058	http://forum.azzurra.org/showthread.php?s=31ebd4ca207917b256151794a58f4278&t=14970	st-14970.html
20160817230746	http://forum.azzurra.org/showthread.php?s=cb7b140df17435b1094cfa816e75d327&t=15160	st-15160.html
20160818091427	http://forum.azzurra.org/showthread.php?s=2b0905366121cb3328715eef38f909fb&t=13704	st-13704.html
20160818211629	http://forum.azzurra.org/showthread.php?s=651c2636e9eb8f2c118d862454c6e7c6&t=14972&page=2	st-14972.html
20160818084902	http://forum.azzurra.org/showthread.php?s=b8a861723702b5dae0773e204892fb83&t=14523&page=2	st-14523.html
20160817221946	http://forum.azzurra.org/showthread.php?s=2b0905366121cb3328715eef38f909fb&t=7701	st-7701.html
20160817215339	http://forum.azzurra.org/showthread.php?s=31ebd4ca207917b256151794a58f4278&t=13854	st-13854.html
20060515172642	http://forum.azzurra.org/showthread.php?t=1976	st-1976.html
20160818120240	http://forum.azzurra.org/showthread.php?s=b8a861723702b5dae0773e204892fb83&t=14934	st-14934.html
20160818092355	http://forum.azzurra.org/showthread.php?s=2b0905366121cb3328715eef38f909fb&t=13929	st-13929.html
20160818014047	http://forum.azzurra.org/showthread.php?s=a592ea1baeed91912adea4da88d5ea29&t=14872	st-14872.html
20160818093444	http://forum.azzurra.org/showthread.php?s=95fc12a21ff9bb8aec95d945a762cfca&t=2439&page=2	st-2439.html
20050525085545	http://forum.azzurra.org:80/showthread.php?t=8496	st-8496.html
20070224164325	http://forum.azzurra.org:80/showthread.php?t=11404	st-11404.html
20160819032327	http://forum.azzurra.org/showthread.php?s=a592ea1baeed91912adea4da88d5ea29&t=14978	st-14978.html
20160817225548	http://forum.azzurra.org/showthread.php?s=31ebd4ca207917b256151794a58f4278&t=10510	st-10510.html
20160817231932	http://forum.azzurra.org/showthread.php?s=31ebd4ca207917b256151794a58f4278&t=14767&page=3	st-14767.html
20050421204947	http://forum.azzurra.org:80/showthread.php?t=8047	st-8047.html
20070222011556	http://forum.azzurra.org:80/showthread.php?t=6901&page=6&pp=10	st-6901.html
20160817234016	http://forum.azzurra.org/showthread.php?s=cb7b140df17435b1094cfa816e75d327&t=13945	st-13945.html
20160817211227	http://forum.azzurra.org/showthread.php?s=cb7b140df17435b1094cfa816e75d327&t=15067	st-15067.html
20160817222320	http://forum.azzurra.org/showthread.php?s=2b0905366121cb3328715eef38f909fb&t=14959	st-14959.html
20160818100104	http://forum.azzurra.org/showthread.php?s=b8a861723702b5dae0773e204892fb83&t=15106	st-15106.html
20160819210536	http://forum.azzurra.org/showthread.php?s=31ebd4ca207917b256151794a58f4278&t=14467	st-14467.html
20070312195914	http://forum.azzurra.org:80/showthread.php?t=14060	st-14060.html
20160817213943	http://forum.azzurra.org/showthread.php?s=31ebd4ca207917b256151794a58f4278&t=14595	st-14595.html
20160818093220	http://forum.azzurra.org/showthread.php?s=b8a861723702b5dae0773e204892fb83&t=14133	st-14133.html
20160817230802	http://forum.azzurra.org/showthread.php?s=31ebd4ca207917b256151794a58f4278&t=14560&page=2	st-14560.html
20160818095632	http://forum.azzurra.org/showthread.php?s=cb7b140df17435b1094cfa816e75d327&t=9480&page=2	st-9480.html
20160818084003	http://forum.azzurra.org/showthread.php?s=cb7b140df17435b1094cfa816e75d327&t=14962	st-14962.html
20160817220007	http://forum.azzurra.org/showthread.php?s=cb7b140df17435b1094cfa816e75d327&t=15024	st-15024.html
20160817234845	http://forum.azzurra.org/showthread.php?s=31ebd4ca207917b256151794a58f4278&t=15135	st-15135.html
20160817233053	http://forum.azzurra.org/showthread.php?s=31ebd4ca207917b256151794a58f4278&t=12615	st-12615.html
20070307224648	http://forum.azzurra.org:80/showthread.php?t=9795	st-9795.html
20160817211910	http://forum.azzurra.org/showthread.php?s=cb7b140df17435b1094cfa816e75d327&t=15127	st-15127.html
20160817220826	http://forum.azzurra.org/showthread.php?s=2b0905366121cb3328715eef38f909fb&t=14377	st-14377.html
20160819211423	http://forum.azzurra.org/showthread.php?s=b8a861723702b5dae0773e204892fb83&t=14432	st-14432.html
20160817231907	http://forum.azzurra.org/showthread.php?s=651c2636e9eb8f2c118d862454c6e7c6&t=13346&page=2	st-13346.html
20160818120037	http://forum.azzurra.org/showthread.php?s=651c2636e9eb8f2c118d862454c6e7c6&t=14753	st-14753.html
20070827020451	http://forum.azzurra.org:80/showthread.php?t=14636	st-14636.html
20160817233634	http://forum.azzurra.org/showthread.php?s=2b0905366121cb3328715eef38f909fb&t=13811	st-13811.html
20160818100051	http://forum.azzurra.org/showthread.php?s=7604e9c717e4f2324ffebe02572655f5&t=14061	st-14061.html
20160818120436	http://forum.azzurra.org/showthread.php?s=651c2636e9eb8f2c118d862454c6e7c6&t=14597	st-14597.html
20070518153550	http://forum.azzurra.org:80/showthread.php?t=12875	st-12875.html
20070306022134	http://forum.azzurra.org:80/showthread.php?s=efd400b3927c68158ee3382a57a126e4&t=5642	st-5642.html
20160817234218	http://forum.azzurra.org/showthread.php?s=2b0905366121cb3328715eef38f909fb&t=14761	st-14761.html
20160817213655	http://forum.azzurra.org/showthread.php?s=2b0905366121cb3328715eef38f909fb&t=14124	st-14124.html
20070518085323	http://forum.azzurra.org:80/showthread.php?t=14438	st-14438.html
20060515135351	http://forum.azzurra.org:80/showthread.php?t=11866	st-11866.html
20160817231250	http://forum.azzurra.org/showthread.php?s=cb7b140df17435b1094cfa816e75d327&t=14627	st-14627.html
20050514194205	http://forum.azzurra.org:80/showthread.php?t=6728	st-6728.html
20160817233949	http://forum.azzurra.org/showthread.php?s=31ebd4ca207917b256151794a58f4278&t=14653	st-14653.html
20160817233627	http://forum.azzurra.org/showthread.php?s=cb7b140df17435b1094cfa816e75d327&t=13701&page=13	st-13701.html
20070315133642	http://forum.azzurra.org:80/showthread.php?t=2453	st-2453.html
20160817231923	http://forum.azzurra.org/showthread.php?s=cb7b140df17435b1094cfa816e75d327&t=13435	st-13435.html
20160818090855	http://forum.azzurra.org/showthread.php?s=cb7b140df17435b1094cfa816e75d327&t=12463	st-12463.html
20160818090925	http://forum.azzurra.org/showthread.php?s=cb7b140df17435b1094cfa816e75d327&t=4202	st-4202.html
20160818083930	http://forum.azzurra.org/showthread.php?s=2b0905366121cb3328715eef38f909fb&t=7293	st-7293.html
20081231190913	http://forum.azzurra.org:80/showthread.php?t=14407	st-14407.html
20160818102705	http://forum.azzurra.org/showthread.php?s=b8a861723702b5dae0773e204892fb83&t=14469	st-14469.html
20160817213417	http://forum.azzurra.org/showthread.php?s=cb7b140df17435b1094cfa816e75d327&t=14842	st-14842.html
20160817215518	http://forum.azzurra.org/showthread.php?s=cb7b140df17435b1094cfa816e75d327&t=1836	st-1836.html
20160817224444	http://forum.azzurra.org/showthread.php?s=31ebd4ca207917b256151794a58f4278&t=12513	st-12513.html
20120730134835	http://forum.azzurra.org/showthread.php?t=14319	st-14319.html
20160817214714	http://forum.azzurra.org/showthread.php?s=cb7b140df17435b1094cfa816e75d327&t=15148	st-15148.html
20160817233124	http://forum.azzurra.org/showthread.php?s=31ebd4ca207917b256151794a58f4278&t=10032	st-10032.html
20160818022657	http://forum.azzurra.org/showthread.php?s=a592ea1baeed91912adea4da88d5ea29&t=14924	st-14924.html
20070315174413	http://forum.azzurra.org:80/showthread.php?t=7184	st-7184.html
20050514194141	http://forum.azzurra.org:80/showthread.php?t=5720	st-5720.html
20160818005609	http://forum.azzurra.org/showthread.php?s=b8a861723702b5dae0773e204892fb83&t=14629	st-14629.html
20160819025614	http://forum.azzurra.org/showthread.php?s=2b0905366121cb3328715eef38f909fb&t=14066&page=2	st-14066.html
20160817234012	http://forum.azzurra.org/showthread.php?s=cb7b140df17435b1094cfa816e75d327&t=15134	st-15134.html
20160817222001	http://forum.azzurra.org/showthread.php?s=2b0905366121cb3328715eef38f909fb&t=8808&page=2	st-8808.html
20070311103222	http://forum.azzurra.org:80/showthread.php?t=13924	st-13924.html
20160817235024	http://forum.azzurra.org/showthread.php?s=31ebd4ca207917b256151794a58f4278&t=14007	st-14007.html
20070312185309	http://forum.azzurra.org:80/showthread.php?t=12716&page=2	st-12716.html
20070714071914	http://forum.azzurra.org:80/showthread.php?t=12244&page=3	st-12244.html
20060515174319	http://forum.azzurra.org/showthread.php?t=1544	st-1544.html
20070401092321	http://forum.azzurra.org:80/showthread.php?t=4665	st-4665.html
20160819025721	http://forum.azzurra.org/showthread.php?s=cb7b140df17435b1094cfa816e75d327&t=13313	st-13313.html
20070503233509	http://forum.azzurra.org:80/showthread.php?t=13828&page=3	st-13828.html
20070315113704	http://forum.azzurra.org:80/showthread.php?t=10199	st-10199.html
20160818083302	http://forum.azzurra.org/showthread.php?s=b8a861723702b5dae0773e204892fb83&t=14657	st-14657.html
20070301140010	http://forum.azzurra.org:80/showthread.php?s=5223010a763a81bf6d9f1a1c87a0c864&t=4073&page=2	st-4073.html
20160819032024	http://forum.azzurra.org/showthread.php?s=cb7b140df17435b1094cfa816e75d327&t=14760	st-14760.html
20070518021531	http://forum.azzurra.org:80/showthread.php?s=1c671239710595e2a71cdea4782548ab&t=14205&page=6	st-14205.html
20050511080337	http://forum.azzurra.org:80/showthread.php?t=7903	st-7903.html
20160818090545	http://forum.azzurra.org/showthread.php?s=cb7b140df17435b1094cfa816e75d327&t=14741	st-14741.html
20060813151503	http://forum.azzurra.org:80/showthread.php?t=13190	st-13190.html
20160818114557	http://forum.azzurra.org/showthread.php?s=cb7b140df17435b1094cfa816e75d327&t=14820	st-14820.html
20160818122121	http://forum.azzurra.org/showthread.php?s=651c2636e9eb8f2c118d862454c6e7c6&t=12418	st-12418.html
20120723004004	http://forum.azzurra.org/showthread.php?t=14503	st-14503.html
20160818083559	http://forum.azzurra.org/showthread.php?s=31ebd4ca207917b256151794a58f4278&t=14312	st-14312.html
20070315113806	http://forum.azzurra.org:80/showthread.php?t=14068	st-14068.html
20070825202050	http://forum.azzurra.org:80/showthread.php?t=12588	st-12588.html
20160818115429	http://forum.azzurra.org/showthread.php?s=95fc12a21ff9bb8aec95d945a762cfca&t=5829	st-5829.html
20160817211312	http://forum.azzurra.org/showthread.php?s=cb7b140df17435b1094cfa816e75d327&t=14090	st-14090.html
20070522093625	http://forum.azzurra.org:80/showthread.php?s=05679ff945875ac269cc8dd8783dfffa&t=13045&page=55	st-13045.html
20070301004435	http://forum.azzurra.org:80/showthread.php?s=5223010a763a81bf6d9f1a1c87a0c864&t=5427&page=2	st-5427.html
20160818210340	http://forum.azzurra.org/showthread.php?s=31ebd4ca207917b256151794a58f4278&t=14010	st-14010.html
20070911112429	http://forum.azzurra.org:80/showthread.php?s=015a00347483222c3a6f799eda5970eb&t=4818&page=4	st-4818.html
20160818095356	http://forum.azzurra.org/showthread.php?s=cb7b140df17435b1094cfa816e75d327&t=13984	st-13984.html
20160817215442	http://forum.azzurra.org/showthread.php?s=31ebd4ca207917b256151794a58f4278&t=14777	st-14777.html
20070326063221	http://forum.azzurra.org:80/showthread.php?t=6096	st-6096.html
20051101092318	http://forum.azzurra.org:80/showthread.php?t=8567	st-8567.html
20160818085243	http://forum.azzurra.org/showthread.php?s=b8a861723702b5dae0773e204892fb83&t=14814&page=2	st-14814.html
20160817233712	http://forum.azzurra.org/showthread.php?s=31ebd4ca207917b256151794a58f4278&t=14923	st-14923.html
20160818204821	http://forum.azzurra.org/showthread.php?s=7604e9c717e4f2324ffebe02572655f5&t=14804	st-14804.html
20070904192708	http://forum.azzurra.org:80/showthread.php?t=9324&page=3	st-9324.html
20070227230302	http://forum.azzurra.org:80/showthread.php?t=13302	st-13302.html
20160819210011	http://forum.azzurra.org/showthread.php?s=b8a861723702b5dae0773e204892fb83&t=14368	st-14368.html
20160817224344	http://forum.azzurra.org/showthread.php?s=b8a861723702b5dae0773e204892fb83&t=9612	st-9612.html
20060822115011	http://forum.azzurra.org:80/showthread.php?t=7031	st-7031.html
20160817223314	http://forum.azzurra.org/showthread.php?s=31ebd4ca207917b256151794a58f4278&t=14838	st-14838.html
20070227230251	http://forum.azzurra.org:80/showthread.php?t=12876	st-12876.html
20160817234040	http://forum.azzurra.org/showthread.php?s=cb7b140df17435b1094cfa816e75d327&t=14945	st-14945.html
20160818212407	http://forum.azzurra.org/showthread.php?s=31ebd4ca207917b256151794a58f4278&t=6067&page=22	st-6067.html
20160818020345	http://forum.azzurra.org/showthread.php?s=b8a861723702b5dae0773e204892fb83&t=14303	st-14303.html
20070321020734	http://forum.azzurra.org:80/showthread.php?t=10886	st-10886.html
20160818104230	http://forum.azzurra.org/showthread.php?s=cb7b140df17435b1094cfa816e75d327&t=15124	st-15124.html
20160818005917	http://forum.azzurra.org/showthread.php?s=7604e9c717e4f2324ffebe02572655f5&t=12006	st-12006.html
20160819085949	http://forum.azzurra.org/showthread.php?s=95fc12a21ff9bb8aec95d945a762cfca&t=13966	st-13966.html
20060515220648	http://forum.azzurra.org/showthread.php?t=9119&page=2	st-9119.html
20160817204330	http://forum.azzurra.org/showthread.php?s=31ebd4ca207917b256151794a58f4278&t=14805	st-14805.html
20160818205212	http://forum.azzurra.org/showthread.php?s=cb7b140df17435b1094cfa816e75d327&t=14979	st-14979.html
20050514194157	http://forum.azzurra.org:80/showthread.php?t=5946	st-5946.html
20160818110932	http://forum.azzurra.org/showthread.php?s=b8a861723702b5dae0773e204892fb83&t=14318	st-14318.html
20160819031140	http://forum.azzurra.org/showthread.php?s=b8a861723702b5dae0773e204892fb83&t=14349	st-14349.html
20160818025328	http://forum.azzurra.org/showthread.php?s=95fc12a21ff9bb8aec95d945a762cfca&t=13950	st-13950.html
20160818110138	http://forum.azzurra.org/showthread.php?s=cb7b140df17435b1094cfa816e75d327&t=6306	st-6306.html
20160818210443	http://forum.azzurra.org/showthread.php?s=b8a861723702b5dae0773e204892fb83&t=15055	st-15055.html
20160818112250	http://forum.azzurra.org/showthread.php?s=cb7b140df17435b1094cfa816e75d327&t=14980	st-14980.html
20070326063141	http://forum.azzurra.org:80/showthread.php?t=2120	st-2120.html
20050815074053	http://forum.azzurra.org:80/showthread.php?t=9386	st-9386.html
20160818090136	http://forum.azzurra.org/showthread.php?s=a592ea1baeed91912adea4da88d5ea29&t=14288	st-14288.html
20160817214043	http://forum.azzurra.org/showthread.php?s=b8a861723702b5dae0773e204892fb83&t=14866	st-14866.html
20160818210043	http://forum.azzurra.org/showthread.php?s=651c2636e9eb8f2c118d862454c6e7c6&t=12908	st-12908.html
20160817211330	http://forum.azzurra.org/showthread.php?s=b8a861723702b5dae0773e204892fb83&t=14946	st-14946.html
20160817234102	http://forum.azzurra.org/showthread.php?s=cb7b140df17435b1094cfa816e75d327&t=14856	st-14856.html
20070316045437	http://forum.azzurra.org:80/showthread.php?s=1e4a43fa181fc4cdf7626ba07b3520a9&t=13009	st-13009.html
20160817231122	http://forum.azzurra.org/showthread.php?s=31ebd4ca207917b256151794a58f4278&t=13491&page=2	st-13491.html
20160818095239	http://forum.azzurra.org/showthread.php?s=651c2636e9eb8f2c118d862454c6e7c6&t=14694	st-14694.html
20160817233417	http://forum.azzurra.org/showthread.php?s=31ebd4ca207917b256151794a58f4278&t=14144&page=2	st-14144.html
20070518045621	http://forum.azzurra.org:80/showthread.php?s=1c671239710595e2a71cdea4782548ab&t=12952&page=3	st-12952.html
20160818092849	http://forum.azzurra.org/showthread.php?s=95fc12a21ff9bb8aec95d945a762cfca&t=13914	st-13914.html
20070313150155	http://forum.azzurra.org:80/showthread.php?t=6208&page=2	st-6208.html
20160818010102	http://forum.azzurra.org/showthread.php?s=cb7b140df17435b1094cfa816e75d327&t=14857&page=2	st-14857.html
20160817211829	http://forum.azzurra.org/showthread.php?s=cb7b140df17435b1094cfa816e75d327&t=5697	st-5697.html
20160817212325	http://forum.azzurra.org/showthread.php?s=cb7b140df17435b1094cfa816e75d327&t=15113	st-15113.html
20160819210138	http://forum.azzurra.org/showthread.php?s=cb7b140df17435b1094cfa816e75d327&t=13470&page=5	st-13470.html
20160818093846	http://forum.azzurra.org/showthread.php?s=2b0905366121cb3328715eef38f909fb&t=14487&page=4	st-14487.html
20160817212341	http://forum.azzurra.org/showthread.php?s=2b0905366121cb3328715eef38f909fb&t=14948	st-14948.html
20070306000159	http://forum.azzurra.org:80/showthread.php?t=6010	st-6010.html
20120723000854	http://forum.azzurra.org/showthread.php?t=15115	st-15115.html
20050728143912	http://forum.azzurra.org:80/showthread.php?t=4874	st-4874.html
20070301180820	http://forum.azzurra.org:80/showthread.php?t=12274	st-12274.html
20160818114117	http://forum.azzurra.org/showthread.php?s=cb7b140df17435b1094cfa816e75d327&t=14876	st-14876.html
20070314161419	http://forum.azzurra.org:80/showthread.php?t=13544	st-13544.html
20160817215745	http://forum.azzurra.org/showthread.php?s=cb7b140df17435b1094cfa816e75d327&t=15137	st-15137.html
20160818092628	http://forum.azzurra.org/showthread.php?s=31ebd4ca207917b256151794a58f4278&t=14092	st-14092.html
20160817232831	http://forum.azzurra.org/showthread.php?s=2b0905366121cb3328715eef38f909fb&t=14113	st-14113.html
20070714071531	http://forum.azzurra.org:80/showthread.php?t=9232	st-9232.html
20060405154253	http://forum.azzurra.org:80/showthread.php?t=8141	st-8141.html
20160817233204	http://forum.azzurra.org/showthread.php?s=2b0905366121cb3328715eef38f909fb&t=13703	st-13703.html
20120724203500	http://forum.azzurra.org/showthread.php?t=14292	st-14292.html
20160818093338	http://forum.azzurra.org/showthread.php?s=cb7b140df17435b1094cfa816e75d327&t=1972	st-1972.html
20160817204718	http://forum.azzurra.org/showthread.php?s=31ebd4ca207917b256151794a58f4278&t=14885	st-14885.html
20061025192352	http://forum.azzurra.org:80/showthread.php?t=12879	st-12879.html
20160818094750	http://forum.azzurra.org/showthread.php?s=651c2636e9eb8f2c118d862454c6e7c6&t=14620	st-14620.html
20160817230658	http://forum.azzurra.org/showthread.php?s=cb7b140df17435b1094cfa816e75d327&t=15083	st-15083.html
20160818003731	http://forum.azzurra.org/showthread.php?s=7604e9c717e4f2324ffebe02572655f5&t=12780	st-12780.html
20160818105831	http://forum.azzurra.org/showthread.php?s=95fc12a21ff9bb8aec95d945a762cfca&t=14390	st-14390.html
20160818094820	http://forum.azzurra.org/showthread.php?s=cb7b140df17435b1094cfa816e75d327&t=15097	st-15097.html
20160817234402	http://forum.azzurra.org/showthread.php?s=2b0905366121cb3328715eef38f909fb&t=13982	st-13982.html
20160819211521	http://forum.azzurra.org/showthread.php?s=b8a861723702b5dae0773e204892fb83&t=14344	st-14344.html
20160818105840	http://forum.azzurra.org/showthread.php?s=651c2636e9eb8f2c118d862454c6e7c6&t=14855	st-14855.html
20160817212029	http://forum.azzurra.org/showthread.php?s=31ebd4ca207917b256151794a58f4278&t=13753	st-13753.html
20160817215520	http://forum.azzurra.org/showthread.php?s=cb7b140df17435b1094cfa816e75d327&t=13561	st-13561.html
20160818093238	http://forum.azzurra.org/showthread.php?s=a592ea1baeed91912adea4da88d5ea29&t=15111	st-15111.html
20160818085825	http://forum.azzurra.org/showthread.php?s=31ebd4ca207917b256151794a58f4278&t=10511&page=2	st-10511.html
20050514194202	http://forum.azzurra.org:80/showthread.php?t=6410	st-6410.html
20060813151552	http://forum.azzurra.org:80/showthread.php?t=2860	st-2860.html
20070716140805	http://forum.azzurra.org:80/showthread.php?t=4669	st-4669.html
20160818121441	http://forum.azzurra.org/showthread.php?s=cb7b140df17435b1094cfa816e75d327&t=15072	st-15072.html
20160818000338	http://forum.azzurra.org/showthread.php?s=2b0905366121cb3328715eef38f909fb&t=14022	st-14022.html
20060515173426	http://forum.azzurra.org/showthread.php?t=1429&page=2	st-1429.html
20160817221651	http://forum.azzurra.org/showthread.php?s=cb7b140df17435b1094cfa816e75d327&t=15108	st-15108.html
20160818102629	http://forum.azzurra.org/showthread.php?s=cb7b140df17435b1094cfa816e75d327&t=14920	st-14920.html
20070310040858	http://forum.azzurra.org:80/showthread.php?t=4991&page=4	st-4991.html
20051101092612	http://forum.azzurra.org:80/showthread.php?t=9644	st-9644.html
20070904194253	http://forum.azzurra.org:80/showthread.php?t=13365	st-13365.html
20160818115117	http://forum.azzurra.org/showthread.php?s=cb7b140df17435b1094cfa816e75d327&t=15140&page=5	st-15140.html
20160818084626	http://forum.azzurra.org/showthread.php?s=cb7b140df17435b1094cfa816e75d327&t=15114	st-15114.html
20160818110458	http://forum.azzurra.org/showthread.php?s=651c2636e9eb8f2c118d862454c6e7c6&t=10950	st-10950.html
20160818101902	http://forum.azzurra.org/showthread.php?s=cb7b140df17435b1094cfa816e75d327&t=5887	st-5887.html
20160818003013	http://forum.azzurra.org/showthread.php?s=651c2636e9eb8f2c118d862454c6e7c6&t=14887	st-14887.html
20160818023401	http://forum.azzurra.org/showthread.php?s=cb7b140df17435b1094cfa816e75d327&t=15037	st-15037.html
20070301035751	http://forum.azzurra.org:80/showthread.php?s=5223010a763a81bf6d9f1a1c87a0c864&t=2843&page=2	st-2843.html
20070228093027	http://forum.azzurra.org:80/showthread.php?t=5641	st-5641.html
20160817224707	http://forum.azzurra.org/showthread.php?s=2b0905366121cb3328715eef38f909fb&t=14043	st-14043.html
20070305202346	http://forum.azzurra.org:80/showthread.php?t=5674	st-5674.html
20070315161942	http://forum.azzurra.org:80/showthread.php?t=4745	st-4745.html
20160818120635	http://forum.azzurra.org/showthread.php?s=2b0905366121cb3328715eef38f909fb&t=13969	st-13969.html
20070518084606	http://forum.azzurra.org:80/showthread.php?t=13992	st-13992.html
20070225065840	http://forum.azzurra.org:80/showthread.php?t=2551	st-2551.html
20160818084231	http://forum.azzurra.org/showthread.php?s=2b0905366121cb3328715eef38f909fb&t=15138	st-15138.html
20160817225129	http://forum.azzurra.org/showthread.php?s=31ebd4ca207917b256151794a58f4278&t=12745	st-12745.html
20160817235009	http://forum.azzurra.org/showthread.php?s=b8a861723702b5dae0773e204892fb83&t=14937	st-14937.html
20120724212446	http://forum.azzurra.org/showthread.php?t=9544	st-9544.html
20160818204934	http://forum.azzurra.org/showthread.php?s=cb7b140df17435b1094cfa816e75d327&t=15081	st-15081.html
20070307045254	http://forum.azzurra.org:80/showthread.php?t=14211	st-14211.html
20160818111049	http://forum.azzurra.org/showthread.php?s=31ebd4ca207917b256151794a58f4278&t=10415&page=3	st-10415.html
20070302210744	http://forum.azzurra.org:80/showthread.php?t=7027	st-7027.html
20061025233247	http://forum.azzurra.org:80/showthread.php?t=2961	st-2961.html
20050212002218	http://forum.azzurra.org:80/showthread.php?t=6568	st-6568.html
20160818094431	http://forum.azzurra.org/showthread.php?s=95fc12a21ff9bb8aec95d945a762cfca&t=15032	st-15032.html
20070304034905	http://forum.azzurra.org:80/showthread.php?t=12846	st-12846.html
20160818083654	http://forum.azzurra.org/showthread.php?s=2b0905366121cb3328715eef38f909fb&t=15048	st-15048.html
20160817225603	http://forum.azzurra.org/showthread.php?s=cb7b140df17435b1094cfa816e75d327&t=14890	st-14890.html
20160817221813	http://forum.azzurra.org/showthread.php?s=31ebd4ca207917b256151794a58f4278&t=14747	st-14747.html
20070326063231	http://forum.azzurra.org:80/showthread.php?t=865	st-865.html
20070227230206	http://forum.azzurra.org:80/showthread.php?t=12465	st-12465.html
20070305184927	http://forum.azzurra.org:80/showthread.php?t=5676	st-5676.html
20160818093107	http://forum.azzurra.org/showthread.php?s=cb7b140df17435b1094cfa816e75d327&t=14073	st-14073.html
20160817212501	http://forum.azzurra.org/showthread.php?s=cb7b140df17435b1094cfa816e75d327&t=12995	st-12995.html
20160818211401	http://forum.azzurra.org/showthread.php?s=651c2636e9eb8f2c118d862454c6e7c6&t=13482	st-13482.html
20160818032516	http://forum.azzurra.org/showthread.php?s=95fc12a21ff9bb8aec95d945a762cfca&t=14559	st-14559.html
20160817205751	http://forum.azzurra.org/showthread.php?s=cb7b140df17435b1094cfa816e75d327&t=14441	st-14441.html
20120729223334	http://forum.azzurra.org/showthread.php?t=13865	st-13865.html
20160817211848	http://forum.azzurra.org/showthread.php?s=31ebd4ca207917b256151794a58f4278&t=12851	st-12851.html
20160817225118	http://forum.azzurra.org/showthread.php?s=cb7b140df17435b1094cfa816e75d327&t=15110	st-15110.html
20160818105204	http://forum.azzurra.org/showthread.php?s=7604e9c717e4f2324ffebe02572655f5&t=14719	st-14719.html
20160819090114	http://forum.azzurra.org/showthread.php?s=cb7b140df17435b1094cfa816e75d327&t=14222&page=2	st-14222.html
20160818025350	http://forum.azzurra.org/showthread.php?s=95fc12a21ff9bb8aec95d945a762cfca&t=12339	st-12339.html
20160818092510	http://forum.azzurra.org/showthread.php?s=2b0905366121cb3328715eef38f909fb&t=14929	st-14929.html
20070314161339	http://forum.azzurra.org:80/showthread.php?t=11760	st-11760.html
20160817215133	http://forum.azzurra.org/showthread.php?s=2b0905366121cb3328715eef38f909fb&t=14696	st-14696.html
20160817233655	http://forum.azzurra.org/showthread.php?s=31ebd4ca207917b256151794a58f4278&t=14835	st-14835.html
20070513112813	http://forum.azzurra.org:80/showthread.php?t=12355	st-12355.html
20160818094835	http://forum.azzurra.org/showthread.php?s=7604e9c717e4f2324ffebe02572655f5&t=10593	st-10593.html
20070519050052	http://forum.azzurra.org:80/showthread.php?t=14197&page=3	st-14197.html
20070518230247	http://forum.azzurra.org:80/showthread.php?s=f4ffe6c54ee581e54a986a26fb3b6e88&t=14321&page=3	st-14321.html
20160817224926	http://forum.azzurra.org/showthread.php?s=2b0905366121cb3328715eef38f909fb&t=14858&page=2	st-14858.html
20160819031234	http://forum.azzurra.org/showthread.php?s=651c2636e9eb8f2c118d862454c6e7c6&t=14781	st-14781.html
20070315133734	http://forum.azzurra.org:80/showthread.php?t=12033	st-12033.html
20160819031130	http://forum.azzurra.org/showthread.php?s=a592ea1baeed91912adea4da88d5ea29&t=12958&page=3	st-12958.html
20160818083717	http://forum.azzurra.org/showthread.php?s=2b0905366121cb3328715eef38f909fb&t=14491	st-14491.html
20160819030810	http://forum.azzurra.org/showthread.php?s=cb7b140df17435b1094cfa816e75d327&t=14991	st-14991.html
20160818115109	http://forum.azzurra.org/showthread.php?s=cb7b140df17435b1094cfa816e75d327&t=15045&page=2	st-15045.html
20070401093834	http://forum.azzurra.org:80/showthread.php?t=4662	st-4662.html
20160818110923	http://forum.azzurra.org/showthread.php?s=cb7b140df17435b1094cfa816e75d327&t=15074	st-15074.html
20060515135415	http://forum.azzurra.org:80/showthread.php?t=12711	st-12711.html
20070301180810	http://forum.azzurra.org:80/showthread.php?t=12142	st-12142.html
20160818204013	http://forum.azzurra.org/showthread.php?s=b8a861723702b5dae0773e204892fb83&t=14038	st-14038.html
20160818210315	http://forum.azzurra.org/showthread.php?s=b8a861723702b5dae0773e204892fb83&t=15042	st-15042.html
20160817211700	http://forum.azzurra.org/showthread.php?s=cb7b140df17435b1094cfa816e75d327&t=15119	st-15119.html
20160817213159	http://forum.azzurra.org/showthread.php?s=31ebd4ca207917b256151794a58f4278&t=13577	st-13577.html
20070322114136	http://forum.azzurra.org:80/showthread.php?s=9b988f08c4f043686a958ffea4e08970&t=2968	st-2968.html
20070312185046	http://forum.azzurra.org:80/showthread.php?t=13931	st-13931.html
20160818084248	http://forum.azzurra.org/showthread.php?s=31ebd4ca207917b256151794a58f4278&t=15038	st-15038.html
20160818091102	http://forum.azzurra.org/showthread.php?s=cb7b140df17435b1094cfa816e75d327&t=15011	st-15011.html
20070706182902	http://forum.azzurra.org:80/showthread.php?t=7715	st-7715.html
20160818082447	http://forum.azzurra.org/showthread.php?s=651c2636e9eb8f2c118d862454c6e7c6&t=14944	st-14944.html
20060515173713	http://forum.azzurra.org/showthread.php?t=3036	st-3036.html
20060515174657	http://forum.azzurra.org/showthread.php?t=6079&page=4	st-6079.html
20070226231749	http://forum.azzurra.org:80/showthread.php?t=5988	st-5988.html
20061024114204	http://forum.azzurra.org:80/showthread.php?t=9189&page=2	st-9189.html
20160817220150	http://forum.azzurra.org/showthread.php?s=2b0905366121cb3328715eef38f909fb&t=13139	st-13139.html
20160817224832	http://forum.azzurra.org/showthread.php?s=2b0905366121cb3328715eef38f909fb&t=13858	st-13858.html
20160817210725	http://forum.azzurra.org/showthread.php?s=2b0905366121cb3328715eef38f909fb&t=14380	st-14380.html
20070223205829	http://forum.azzurra.org:80/showthread.php?t=9241	st-9241.html
20070325061144	http://forum.azzurra.org:80/showthread.php?t=14269	st-14269.html
20160818085121	http://forum.azzurra.org/showthread.php?s=2b0905366121cb3328715eef38f909fb&t=14089	st-14089.html
20160818084134	http://forum.azzurra.org/showthread.php?s=cb7b140df17435b1094cfa816e75d327&t=14594	st-14594.html
20160818023135	http://forum.azzurra.org/showthread.php?s=a592ea1baeed91912adea4da88d5ea29&t=15164	st-15164.html
20160621082224	http://forum.azzurra.org/showthread.php?s=474de10a8f2261eac244df1516e5d9ee&t=15103	st-15103.html
20070323141249	http://forum.azzurra.org:80/showthread.php?t=11378	st-11378.html
20070305094850	http://forum.azzurra.org:80/showthread.php?s=efd400b3927c68158ee3382a57a126e4&t=5267&page=3	st-5267.html
20070518154006	http://forum.azzurra.org:80/showthread.php?t=14479	st-14479.html
20060515174714	http://forum.azzurra.org/showthread.php?t=2320	st-2320.html
20060515172733	http://forum.azzurra.org/showthread.php?t=1614	st-1614.html
20160817232155	http://forum.azzurra.org/showthread.php?s=cb7b140df17435b1094cfa816e75d327&t=14847&page=3	st-14847.html
20160818005822	http://forum.azzurra.org/showthread.php?s=95fc12a21ff9bb8aec95d945a762cfca&t=14053	st-14053.html
20070519013603	http://forum.azzurra.org:80/showthread.php?s=f4ffe6c54ee581e54a986a26fb3b6e88&t=13593&page=2	st-13593.html
20160817211310	http://forum.azzurra.org/showthread.php?s=cb7b140df17435b1094cfa816e75d327&t=15059	st-15059.html
20070228020606	http://forum.azzurra.org:80/showthread.php?t=12794	st-12794.html
20160818204943	http://forum.azzurra.org/showthread.php?s=cb7b140df17435b1094cfa816e75d327&t=15052	st-15052.html
20120724205341	http://forum.azzurra.org/showthread.php?t=15122	st-15122.html
20160817231827	http://forum.azzurra.org/showthread.php?s=31ebd4ca207917b256151794a58f4278&t=14730	st-14730.html
20070314161308	http://forum.azzurra.org:80/showthread.php?t=13845	st-13845.html
20160818115849	http://forum.azzurra.org/showthread.php?s=651c2636e9eb8f2c118d862454c6e7c6&t=15004	st-15004.html
20070519051622	http://forum.azzurra.org:80/showthread.php?s=f4ffe6c54ee581e54a986a26fb3b6e88&t=14306&page=2	st-14306.html
20160818002604	http://forum.azzurra.org/showthread.php?s=651c2636e9eb8f2c118d862454c6e7c6&t=14802	st-14802.html
20160818094022	http://forum.azzurra.org/showthread.php?s=7604e9c717e4f2324ffebe02572655f5&t=14127	st-14127.html
20160818210154	http://forum.azzurra.org/showthread.php?s=31ebd4ca207917b256151794a58f4278&t=12910	st-12910.html
20160819031536	http://forum.azzurra.org/showthread.php?s=31ebd4ca207917b256151794a58f4278&t=10812&page=2	st-10812.html
20160817214222	http://forum.azzurra.org/showthread.php?s=31ebd4ca207917b256151794a58f4278&t=14906	st-14906.html
20160818205741	http://forum.azzurra.org/showthread.php?s=b8a861723702b5dae0773e204892fb83&t=14960&page=3	st-14960.html
20070303230534	http://forum.azzurra.org:80/showthread.php?t=11478	st-11478.html
20070513164438	http://forum.azzurra.org:80/showthread.php?s=088ec3dd2e794519009bfa8796fb4ac3&t=14416&page=4	st-14416.html
20060813151603	http://forum.azzurra.org:80/showthread.php?t=13061	st-13061.html
20061016001324	http://forum.azzurra.org:80/showthread.php?t=10764	st-10764.html
20070830022859	http://forum.azzurra.org:80/showthread.php?t=13766&page=14	st-13766.html
20070307210601	http://forum.azzurra.org:80/showthread.php?s=00f608608331541a22414b4586d7fdcc&t=2627	st-2627.html
20160818095739	http://forum.azzurra.org/showthread.php?s=31ebd4ca207917b256151794a58f4278&t=14812	st-14812.html
20160818122102	http://forum.azzurra.org/showthread.php?s=cb7b140df17435b1094cfa816e75d327&t=15156	st-15156.html
20070521231302	http://forum.azzurra.org:80/showthread.php?s=df0c1e7baae941e0fd3bf520a7add240&t=10691&page=148	st-10691.html
20070315113755	http://forum.azzurra.org:80/showthread.php?t=13915	st-13915.html
20050514194235	http://forum.azzurra.org:80/showthread.php?t=7108	st-7108.html
20160818120428	http://forum.azzurra.org/showthread.php?s=31ebd4ca207917b256151794a58f4278&t=15102	st-15102.html
20070303230412	http://forum.azzurra.org:80/showthread.php?t=186	st-186.html
20160819211029	http://forum.azzurra.org/showthread.php?s=95fc12a21ff9bb8aec95d945a762cfca&t=13974	st-13974.html
20160817202546	http://forum.azzurra.org/showthread.php?s=cb7b140df17435b1094cfa816e75d327&t=15075	st-15075.html
20070518153354	http://forum.azzurra.org:80/showthread.php?s=1c671239710595e2a71cdea4782548ab&t=14039&page=2	st-14039.html
20060515173050	http://forum.azzurra.org/showthread.php?t=1772	st-1772.html
20160818123215	http://forum.azzurra.org/showthread.php?s=95fc12a21ff9bb8aec95d945a762cfca&t=15071	st-15071.html
20160818001337	http://forum.azzurra.org/showthread.php?s=651c2636e9eb8f2c118d862454c6e7c6&t=14578	st-14578.html
20070310040326	http://forum.azzurra.org:80/showthread.php?t=3407	st-3407.html
20160817210200	http://forum.azzurra.org/showthread.php?s=cb7b140df17435b1094cfa816e75d327&t=14884	st-14884.html
20160818085834	http://forum.azzurra.org/showthread.php?s=2b0905366121cb3328715eef38f909fb&t=14121&page=3	st-14121.html
20070518173358	http://forum.azzurra.org:80/showthread.php?s=1c671239710595e2a71cdea4782548ab&t=13676&page=5	st-13676.html
20160818001503	http://forum.azzurra.org/showthread.php?s=95fc12a21ff9bb8aec95d945a762cfca&t=14148	st-14148.html
20070911084836	http://forum.azzurra.org:80/showthread.php?s=5987e71ee064b0637ae7b6ab66cb61f5&t=5375	st-5375.html
20160818104809	http://forum.azzurra.org/showthread.php?s=651c2636e9eb8f2c118d862454c6e7c6&t=14722	st-14722.html
20070520211757	http://forum.azzurra.org:80/showthread.php?s=ff786f52a9a92869d4fabe1c02ff2fda&t=13667&page=5	st-13667.html
20070305184652	http://forum.azzurra.org:80/showthread.php?t=1709	st-1709.html
20070314124018	http://forum.azzurra.org:80/showthread.php?t=13625	st-13625.html
20070525182230	http://forum.azzurra.org:80/showthread.php?t=423576	st-423576.html
20160818112228	http://forum.azzurra.org/showthread.php?s=651c2636e9eb8f2c118d862454c6e7c6&t=14551	st-14551.html
20070312185057	http://forum.azzurra.org:80/showthread.php?t=14049	st-14049.html
20060515173859	http://forum.azzurra.org/showthread.php?t=2936	st-2936.html
20071021105648	http://forum.azzurra.org:80/showthread.php?t=14128	st-14128.html
20070326063111	http://forum.azzurra.org:80/showthread.php?t=19	st-19.html
20160818123137	http://forum.azzurra.org/showthread.php?s=cb7b140df17435b1094cfa816e75d327&t=14770	st-14770.html
20070518080739	http://forum.azzurra.org:80/showthread.php?s=1c671239710595e2a71cdea4782548ab&t=14223&page=6	st-14223.html
20160818004700	http://forum.azzurra.org/showthread.php?s=b8a861723702b5dae0773e204892fb83&t=14998	st-14998.html
20160818105445	http://forum.azzurra.org/showthread.php?s=b8a861723702b5dae0773e204892fb83&t=15079	st-15079.html
20160817232930	http://forum.azzurra.org/showthread.php?s=31ebd4ca207917b256151794a58f4278&t=14757	st-14757.html
20070518050320	http://forum.azzurra.org:80/showthread.php?t=14302	st-14302.html
20070326121349	http://forum.azzurra.org:80/showthread.php?t=1634	st-1634.html
20070305030447	http://forum.azzurra.org:80/showthread.php?t=13626	st-13626.html
20160818103428	http://forum.azzurra.org/showthread.php?s=95fc12a21ff9bb8aec95d945a762cfca&t=12324	st-12324.html
20160818103307	http://forum.azzurra.org/showthread.php?s=95fc12a21ff9bb8aec95d945a762cfca&t=14565	st-14565.html
20160818091301	http://forum.azzurra.org/showthread.php?s=31ebd4ca207917b256151794a58f4278&t=14883	st-14883.html
20070504232912	http://forum.azzurra.org:80/showthread.php?t=9984	st-9984.html
20051213085233	http://forum.azzurra.org:80/showthread.php?t=11823&page=2	st-11823.html
20070302050832	http://forum.azzurra.org:80/showthread.php?t=12372	st-12372.html
20070312201321	http://forum.azzurra.org:80/showthread.php?s=4df9ff0ef87f55284faee03b2bde9a3d&t=6138	st-6138.html
20070303020403	http://forum.azzurra.org:80/showthread.php?s=f95ecff6eccf2b2bf3e4cdfd2a817a78&t=10085	st-10085.html
20060822003857	http://forum.azzurra.org:80/showthread.php?t=13047&page=2	st-13047.html
20160817231646	http://forum.azzurra.org/showthread.php?s=2b0905366121cb3328715eef38f909fb&t=14809	st-14809.html
20160817231832	http://forum.azzurra.org/showthread.php?s=31ebd4ca207917b256151794a58f4278&t=14348	st-14348.html
20160817222518	http://forum.azzurra.org/showthread.php?s=31ebd4ca207917b256151794a58f4278&t=15109	st-15109.html
20160817224953	http://forum.azzurra.org/showthread.php?s=2b0905366121cb3328715eef38f909fb&t=14008	st-14008.html
20160817212857	http://forum.azzurra.org/showthread.php?s=cb7b140df17435b1094cfa816e75d327&t=7061	st-7061.html
20160818085434	http://forum.azzurra.org/showthread.php?s=31ebd4ca207917b256151794a58f4278&t=11808&page=3	st-11808.html
20160819211039	http://forum.azzurra.org/showthread.php?s=31ebd4ca207917b256151794a58f4278&t=14361&page=2	st-14361.html
20070303230454	http://forum.azzurra.org:80/showthread.php?t=9030	st-9030.html
20160817212758	http://forum.azzurra.org/showthread.php?s=31ebd4ca207917b256151794a58f4278&t=14671	st-14671.html
20160818083245	http://forum.azzurra.org/showthread.php?s=b8a861723702b5dae0773e204892fb83&t=5993&page=3	st-5993.html
20160818205752	http://forum.azzurra.org/showthread.php?s=cb7b140df17435b1094cfa816e75d327&t=15009	st-15009.html
20160817232327	http://forum.azzurra.org/showthread.php?s=cb7b140df17435b1094cfa816e75d327&t=15129	st-15129.html
20160818121104	http://forum.azzurra.org/showthread.php?s=cb7b140df17435b1094cfa816e75d327&t=15049	st-15049.html
20060515135405	http://forum.azzurra.org:80/showthread.php?t=12451	st-12451.html
20070518153051	http://forum.azzurra.org:80/showthread.php?s=ff786f52a9a92869d4fabe1c02ff2fda&t=14382&page=2	st-14382.html
20160818110048	http://forum.azzurra.org/showthread.php?s=b8a861723702b5dae0773e204892fb83&t=14914	st-14914.html
20070904192549	http://forum.azzurra.org:80/showthread.php?t=13451	st-13451.html
20160818020400	http://forum.azzurra.org/showthread.php?s=b8a861723702b5dae0773e204892fb83&t=14768	st-14768.html
20160818113651	http://forum.azzurra.org/showthread.php?s=31ebd4ca207917b256151794a58f4278&t=14577	st-14577.html
20160818003239	http://forum.azzurra.org/showthread.php?s=cb7b140df17435b1094cfa816e75d327&t=15068	st-15068.html
20160818003116	http://forum.azzurra.org/showthread.php?s=651c2636e9eb8f2c118d862454c6e7c6&t=14710	st-14710.html
20070301213643	http://forum.azzurra.org:80/showthread.php?t=4657	st-4657.html
20070306224214	http://forum.azzurra.org:80/showthread.php?t=10086	st-10086.html
20160818110843	http://forum.azzurra.org/showthread.php?s=cb7b140df17435b1094cfa816e75d327&t=14635	st-14635.html
20160817213346	http://forum.azzurra.org/showthread.php?s=cb7b140df17435b1094cfa816e75d327&t=13842	st-13842.html
20070312195852	http://forum.azzurra.org:80/showthread.php?t=13998	st-13998.html
20051016191835	http://forum.azzurra.org:80/showthread.php?t=3123&amp;amp	st-3123.html
20050403150834	http://forum.azzurra.org:80/showthread.php?t=4663&amp	st-4663.html
20160818085733	http://forum.azzurra.org/showthread.php?s=b8a861723702b5dae0773e204892fb83&t=4820&page=3	st-4820.html
20160818123252	http://forum.azzurra.org/showthread.php?s=cb7b140df17435b1094cfa816e75d327&t=4958&page=2	st-4958.html
20160818111511	http://forum.azzurra.org/showthread.php?s=cb7b140df17435b1094cfa816e75d327&t=5133&page=2	st-5133.html
20050403153411	http://forum.azzurra.org:80/showthread.php?t=5331&amp	st-5331.html
20050515035050	http://forum.azzurra.org:80/showthread.php?t=5557&amp	st-5557.html
20070524072124	http://forum.azzurra.org:80/showthread.php?s=680c1ae9d0fda1dec9dc1179952e1fe4&t=5749&page=234	st-5749.html
20050216095312	http://forum.azzurra.org:80/showthread.php?t=5765&page=1	st-5765.html
20070315162025	http://forum.azzurra.org:80/showthread.php?t=5877	st-5877.html
20130821054036	http://forum.azzurra.org:80/showthread.php?s=e86c291545b4d2cb70ec658efafc6273&t=6332	st-6332.html
20060513102230	http://forum.azzurra.org/showthread.php?t=6429	st-6429.html
20070330212827	http://forum.azzurra.org:80/showthread.php?t=6810	st-6810.html
20050403175840	http://forum.azzurra.org:80/showthread.php?t=7038&amp	st-7038.html
20050404110755	http://forum.azzurra.org:80/showthread.php?t=7269&amp	st-7269.html
20050404113705	http://forum.azzurra.org:80/showthread.php?t=8061&amp	st-8061.html
20051016192130	http://forum.azzurra.org:80/showthread.php?t=8840&amp;page=3	st-8840.html
20070910204238	http://forum.azzurra.org:80/showthread.php?s=5987e71ee064b0637ae7b6ab66cb61f5&t=9848&page=156	st-9848.html
20070712171648	http://forum.azzurra.org:80/showthread.php?s=d6d00ebef48cff968e48e88fe26cb440&t=10942&page=68	st-10942.html
20070911113026	http://forum.azzurra.org:80/showthread.php?s=eee37a900a77995355b38b46b227da72&t=11604	st-11604.html
20160817230439	http://forum.azzurra.org/showthread.php?s=2b0905366121cb3328715eef38f909fb&t=12220&page=2	st-12220.html
20060831093721	http://forum.azzurra.org:80/showthread.php?t=12642	st-12642.html
20061109181252	http://forum.azzurra.org:80/showthread.php?t=12969&amp;page=2	st-12969.html
20160818205732	http://forum.azzurra.org/showthread.php?s=2b0905366121cb3328715eef38f909fb&t=13017&page=2	st-13017.html
20160818091121	http://forum.azzurra.org/showthread.php?s=b8a861723702b5dae0773e204892fb83&t=13029&page=3	st-13029.html
20160818085510	http://forum.azzurra.org/showthread.php?s=cb7b140df17435b1094cfa816e75d327&t=14865&page=3	st-14865.html
